"NE Name","Slot ID","Board Name","Port","Input Power(dBm)","Reference Input Power(dBm)","Input Power Reference Value Time","Input Power State","Reference Input Power Lower Threshold(dBm)","Reference Input Power Upper Threshold(dBm)","Input Power Lower Threshold(dBm)","Min. Value of Input Power Lower Threshold(dBm)","Max. Value of Input Power Lower Threshold(dBm)","Input Power Upper Threshold(dBm)","Min. Value of Input Power Upper Threshold(dBm)","Max. Value of Input Power Upper Threshold(dBm)","Max. Pump Output Power(dBm)","Min. Pump Output Power(dBm)","Output Power(dBm)","Reference Output Power(dBm)","Output Power Reference Value Time","Output Power State","Output Power Lower Threshold(dBm)","Output Power Upper Threshold(dBm)","Reference Output Power Lower Threshold(dBm)","Reference Output Power Upper Threshold(dBm)","Input Power Lower Threshold Default Value(dBm)","Input Power Upper Threshold Default Value(dBm)","CFP/LANE Input Power Lower Threshold Default Value(dBm)","CFP/LANE Input Power Upper Threshold Default Value(dBm)"
QLLTAPCS-WDM-CM03 OTN1,Shelf0(To Villa Alemana)-3,12M40,1(OUT),-,-,-,-,-,-,-,-,-,-,-,-,-,-,"	-9.1",/,/,/,-,-,-,-,-,-,-,-
QLLTAPCS-WDM-CM03 OTN1,Shelf0(To Villa Alemana)-6,11AST2,1(RM1/TM1 (TO LAS VEGAS ATT 7dB)),"	-21.6","	-19.0",2020-05-15 16:14:09,Warning Alert,"	-22.0","	-14.0","	-42.2","	-46.2","	-9.0","	-10.0","	-46.2","	-9.0",-,-,2.7,/,/,/,0.6,5.0,-,-,-,-,-,-
QLLTAPCS-WDM-CM03 OTN1,Shelf0(To Villa Alemana)-6,11AST2,2(RM2/TM2 (TO VILLA ALEM ATT 10dB)),"	-20.1","	-19.6",2020-05-15 16:14:09,Normal,"	-22.6","	-14.6","	-42.0","	-46.0","	-9.0","	-10.0","	-46.0","	-9.0",-,-,2.6,/,/,/,0.6,5.0,-,-,-,-,-,-
QLLTAPCS-WDM-CM03 OTN1,Shelf0(To Villa Alemana)-7,13OAU1,1(IN),"	-20.8","	-21.8",2021-02-16 05:21:56 DST,Normal,"	-24.8","	-16.8","	-32.0","	-60.0",0.0,3.0,"	-60.0",7.0,-,-,-,-,-,-,-,-,-,-,-,-,-,-
QLLTAPCS-WDM-CM03 OTN1,Shelf0(To Villa Alemana)-7,13OAU1,2(PAOUT),-,-,-,-,-,-,-,-,-,-,-,-,-,-,"	-6.1","	-7.1",2021-02-16 05:21:56 DST,Normal,-,-,-,-,-,-,-,-
QLLTAPCS-WDM-CM03 OTN1,Shelf0(To Villa Alemana)-7,13OAU1,3(BAIN),"	-15.4","	-16.4",2021-02-16 05:21:56 DST,Normal,-,-,"	-32.0","	-60.0",0.0,/,/,/,-,-,-,-,-,-,-,-,-,-,-,-,-,-
QLLTAPCS-WDM-CM03 OTN1,Shelf0(To Villa Alemana)-7,13OAU1,4(OUT),-,-,-,-,-,-,-,-,-,-,-,-,-,-,3.4,2.6,2021-02-16 05:21:56 DST,Normal,-,-,-,-,-,-,-,-
QLLTAPCS-WDM-CM03 OTN1,Shelf0(To Villa Alemana)-8,15WSMD9,1(IN/OUT),7.7,/,/,/,/,/,"	-25.0",-,-,24.0,-,-,-,-,"	-21.8","	-17.3",2019-08-19 16:34:23,Critical Alert,-,-,-,-,-,-,-,-
QLLTAPCS-WDM-CM03 OTN1,Shelf0(To Villa Alemana)-13,13OAU1,1(IN),"	-20.8","	-23.9",2021-02-16 05:20:21 DST,Warning Alert,"	-27.9","	-18.9","	-32.0","	-60.0",0.0,3.0,"	-60.0",7.0,-,-,-,-,-,-,-,-,-,-,-,-,-,-
QLLTAPCS-WDM-CM03 OTN1,Shelf0(To Villa Alemana)-13,13OAU1,2(PAOUT),-,-,-,-,-,-,-,-,-,-,-,-,-,-,"	-1.8","	-6.4",2021-02-16 05:20:21 DST,Critical Alert,-,-,-,-,-,-,-,-
QLLTAPCS-WDM-CM03 OTN1,Shelf0(To Villa Alemana)-13,13OAU1,3(BAIN),"	-6.5","	-11.2",2021-02-16 05:20:21 DST,Critical Alert,-,-,"	-32.0","	-60.0",0.0,/,/,/,-,-,-,-,-,-,-,-,-,-,-,-,-,-
QLLTAPCS-WDM-CM03 OTN1,Shelf0(To Villa Alemana)-13,13OAU1,4(OUT),-,-,-,-,-,-,-,-,-,-,-,-,-,-,7.9,5.6,2021-02-16 05:20:21 DST,Warning Alert,-,-,-,-,-,-,-,-
QLLTAPCS-WDM-CM03 OTN1,Shelf0(To Villa Alemana)-14,13OBU1,1(IN),"	-21.0","	-23.2",2021-02-16 05:18:44 DST,Warning Alert,"	-26.2","	-18.2","	-32.0",-,-,"	-0.2",-,-,-,-,-,-,-,-,-,-,-,-,-,-,-,-
QLLTAPCS-WDM-CM03 OTN1,Shelf0(To Villa Alemana)-14,13OBU1,2(OUT),-,-,-,-,-,-,-,-,-,-,-,-,-,-,3.2,1.9,2021-02-16 05:18:44 DST,Normal,-,-,-,-,-,-,-,-
QLLTAPCS-WDM-CM03 OTN1,Shelf0(To Villa Alemana)-15,12D40,1(IN),3.2,/,/,/,/,/,"	-25.0",-,-,22.0,-,-,-,-,-,-,-,-,-,-,-,-,-,-,-,-
QLLTAPCS-WDM-CM03 OTN1,Shelf1(To Las Vegas)-2,13OAU1,1(IN),"	-15.3",/,/,/,/,/,"	-32.0","	-60.0",0.0,3.0,"	-60.0",7.0,-,-,-,-,-,-,-,-,-,-,-,-,-,-
QLLTAPCS-WDM-CM03 OTN1,Shelf1(To Las Vegas)-2,13OAU1,2(PAOUT),-,-,-,-,-,-,-,-,-,-,-,-,-,-,"	-3.4",/,/,/,-,-,-,-,-,-,-,-
QLLTAPCS-WDM-CM03 OTN1,Shelf1(To Las Vegas)-2,13OAU1,3(BAIN),"	-15.1",/,/,/,-,-,"	-32.0","	-60.0",0.0,/,/,/,-,-,-,-,-,-,-,-,-,-,-,-,-,-
QLLTAPCS-WDM-CM03 OTN1,Shelf1(To Las Vegas)-2,13OAU1,4(OUT),-,-,-,-,-,-,-,-,-,-,-,-,-,-,5.3,/,/,/,-,-,-,-,-,-,-,-
QLLTAPCS-WDM-CM03 OTN1,Shelf1(To Las Vegas)-3,15WSMD9,1(IN/OUT),2.4,/,/,/,/,/,"	-25.0",-,-,24.0,-,-,-,-,"	-15.0",/,/,/,-,-,-,-,-,-,-,-
QLLTAPCS-WDM-CM03 OTN1,Shelf1(To Las Vegas)-5,12M40,1(OUT),-,-,-,-,-,-,-,-,-,-,-,-,-,-,"	-8.3",/,/,/,-,-,-,-,-,-,-,-
QLLTAPCS-WDM-CM03 OTN1,Shelf1(To Las Vegas)-13,13OBU1,1(IN),"	-22.7",/,/,/,/,/,"	-32.0",-,-,"	-0.2",-,-,-,-,-,-,-,-,-,-,-,-,-,-,-,-
QLLTAPCS-WDM-CM03 OTN1,Shelf1(To Las Vegas)-13,13OBU1,2(OUT),-,-,-,-,-,-,-,-,-,-,-,-,-,-,1.7,/,/,/,-,-,-,-,-,-,-,-
QLLTAPCS-WDM-CM03 OTN1,Shelf1(To Las Vegas)-14,12D40,1(IN),2.2,/,/,/,/,/,"	-25.0",-,-,22.0,-,-,-,-,-,-,-,-,-,-,-,-,-,-,-,-
QLLTAPCS-WDM-CM03 OTN1,Shelf1(To Las Vegas)-16,13OAU1,1(IN),"	-19.1",/,/,/,/,/,"	-32.0","	-60.0",0.0,3.0,"	-60.0",7.0,-,-,-,-,-,-,-,-,-,-,-,-,-,-
QLLTAPCS-WDM-CM03 OTN1,Shelf1(To Las Vegas)-16,13OAU1,2(PAOUT),-,-,-,-,-,-,-,-,-,-,-,-,-,-,"	-6.9",/,/,/,-,-,-,-,-,-,-,-
QLLTAPCS-WDM-CM03 OTN1,Shelf1(To Las Vegas)-16,13OAU1,3(BAIN),"	-19.5",/,/,/,-,-,"	-32.0","	-60.0",0.0,/,/,/,-,-,-,-,-,-,-,-,-,-,-,-,-,-
QLLTAPCS-WDM-CM03 OTN1,Shelf1(To Las Vegas)-16,13OAU1,4(OUT),-,-,-,-,-,-,-,-,-,-,-,-,-,-,2.4,/,/,/,-,-,-,-,-,-,-,-
QLLTAPCS-WDM-CM03 OTN1,Shelf2(Dimenision Local)-1,12M40,1(OUT),-,-,-,-,-,-,-,-,-,-,-,-,-,-,"	-60.0",/,/,/,-,-,-,-,-,-,-,-
QLLTAPCS-WDM-CM03 OTN1,Shelf2(Dimenision Local)-3,13OBU1,1(IN),"	-60.0",/,/,/,/,/,"	-32.0",-,-,"	-0.2",-,-,-,-,-,-,-,-,-,-,-,-,-,-,-,-
QLLTAPCS-WDM-CM03 OTN1,Shelf2(Dimenision Local)-3,13OBU1,2(OUT),-,-,-,-,-,-,-,-,-,-,-,-,-,-,"	-60.0",0.8,2019-08-19 16:31:36,Critical Alert,-,-,-,-,-,-,-,-
QLLTAPCS-WDM-CM03 OTN1,Shelf2(Dimenision Local)-4,15WSMD9,1(IN/OUT),"	-60.0",0.8,2019-08-19 16:31:55,Critical Alert,"	-2.2",5.8,"	-25.0",-,-,24.0,-,-,-,-,"	-60.0",/,/,/,-,-,-,-,-,-,-,-
QLLTAPCS-WDM-CM03 OTN1,Shelf2(Dimenision Local)-14,13OBU1,1(IN),"	-60.0",/,/,/,/,/,"	-32.0",-,-,"	-0.2",-,-,-,-,-,-,-,-,-,-,-,-,-,-,-,-
QLLTAPCS-WDM-CM03 OTN1,Shelf2(Dimenision Local)-14,13OBU1,2(OUT),-,-,-,-,-,-,-,-,-,-,-,-,-,-,"	-60.0",/,/,/,-,-,-,-,-,-,-,-
QLLTAPCS-WDM-CM03 OTN1,Shelf2(Dimenision Local)-15,12D40,1(IN),"	-60.0",/,/,/,/,/,"	-25.0",-,-,22.0,-,-,-,-,-,-,-,-,-,-,-,-,-,-,-,-
LVEGAS-WDM-CM03 OTN1,Shelf0(Direccion Quillota SW)-3,12M40,1(OUT),-,-,-,-,-,-,-,-,-,-,-,-,-,-,"	-7.2",/,/,/,-,-,-,-,-,-,-,-
LVEGAS-WDM-CM03 OTN1,Shelf0(Direccion Quillota SW)-6,11AST2,1(RM1/TM1 (TO QUILLOTA)),"	-13.8","	-12.4",2020-05-04 11:54:43,Normal,"	-15.4","	-7.4","	-41.8","	-45.8","	-9.0","	-10.0","	-45.8","	-9.0",-,-,2.5,/,/,/,0.5,5.0,-,-,-,-,-,-
LVEGAS-WDM-CM03 OTN1,Shelf0(Direccion Quillota SW)-6,11AST2,2(RM2/TM2),"	-60.0",/,/,/,/,/,"	-42.0","	-46.0","	-9.0","	-10.0","	-46.0","	-9.0",-,-,2.5,/,/,/,0.5,5.0,-,-,-,-,-,-
LVEGAS-WDM-CM03 OTN1,Shelf0(Direccion Quillota SW)-7,13OAU1,1(IN),"	-17.5",/,/,/,/,/,"	-32.0","	-60.0",0.0,3.0,"	-60.0",7.0,-,-,-,-,-,-,-,-,-,-,-,-,-,-
LVEGAS-WDM-CM03 OTN1,Shelf0(Direccion Quillota SW)-7,13OAU1,2(PAOUT),-,-,-,-,-,-,-,-,-,-,-,-,-,-,"	-5.0",/,/,/,-,-,-,-,-,-,-,-
LVEGAS-WDM-CM03 OTN1,Shelf0(Direccion Quillota SW)-7,13OAU1,3(BAIN),"	-17.1",/,/,/,-,-,"	-32.0","	-60.0",0.0,/,/,/,-,-,-,-,-,-,-,-,-,-,-,-,-,-
LVEGAS-WDM-CM03 OTN1,Shelf0(Direccion Quillota SW)-7,13OAU1,4(OUT),-,-,-,-,-,-,-,-,-,-,-,-,-,-,3.5,/,/,/,-,-,-,-,-,-,-,-
LVEGAS-WDM-CM03 OTN1,Shelf0(Direccion Quillota SW)-8,15WSMD9,1(IN/OUT),4.5,/,/,/,/,/,"	-25.0",-,-,24.0,-,-,-,-,"	-17.8",/,/,/,-,-,-,-,-,-,-,-
LVEGAS-WDM-CM03 OTN1,Shelf0(Direccion Quillota SW)-13,13OAU1,1(IN),"	-15.8",/,/,/,/,/,"	-32.0","	-60.0",0.0,3.0,"	-60.0",7.0,-,-,-,-,-,-,-,-,-,-,-,-,-,-
LVEGAS-WDM-CM03 OTN1,Shelf0(Direccion Quillota SW)-13,13OAU1,2(PAOUT),-,-,-,-,-,-,-,-,-,-,-,-,-,-,"	-3.6",/,/,/,-,-,-,-,-,-,-,-
LVEGAS-WDM-CM03 OTN1,Shelf0(Direccion Quillota SW)-13,13OAU1,3(BAIN),"	-16.2",/,/,/,-,-,"	-32.0","	-60.0",0.0,/,/,/,-,-,-,-,-,-,-,-,-,-,-,-,-,-
LVEGAS-WDM-CM03 OTN1,Shelf0(Direccion Quillota SW)-13,13OAU1,4(OUT),-,-,-,-,-,-,-,-,-,-,-,-,-,-,4.8,/,/,/,-,-,-,-,-,-,-,-
LVEGAS-WDM-CM03 OTN1,Shelf0(Direccion Quillota SW)-14,13OBU1,1(IN),"	-21.3",/,/,/,/,/,"	-32.0",-,-,"	-0.2",-,-,-,-,-,-,-,-,-,-,-,-,-,-,-,-
LVEGAS-WDM-CM03 OTN1,Shelf0(Direccion Quillota SW)-14,13OBU1,2(OUT),-,-,-,-,-,-,-,-,-,-,-,-,-,-,2.8,/,/,/,-,-,-,-,-,-,-,-
LVEGAS-WDM-CM03 OTN1,Shelf0(Direccion Quillota SW)-15,12D40,1(IN),3.0,/,/,/,/,/,"	-25.0",-,-,22.0,-,-,-,-,-,-,-,-,-,-,-,-,-,-,-,-
LVEGAS-WDM-CM03 OTN1,Shelf1(Dimension Local)-1,12M40,1(OUT),-,-,-,-,-,-,-,-,-,-,-,-,-,-,"	-60.0",/,/,/,-,-,-,-,-,-,-,-
LVEGAS-WDM-CM03 OTN1,Shelf1(Dimension Local)-3,13OBU1,1(IN),"	-60.0",/,/,/,/,/,"	-32.0",-,-,"	-0.2",-,-,-,-,-,-,-,-,-,-,-,-,-,-,-,-
LVEGAS-WDM-CM03 OTN1,Shelf1(Dimension Local)-3,13OBU1,2(OUT),-,-,-,-,-,-,-,-,-,-,-,-,-,-,"	-60.0",/,/,/,-,-,-,-,-,-,-,-
LVEGAS-WDM-CM03 OTN1,Shelf1(Dimension Local)-4,15WSMD9,1(IN/OUT),"	-60.0",/,/,/,/,/,"	-25.0",-,-,24.0,-,-,-,-,"	-60.0",/,/,/,-,-,-,-,-,-,-,-
LVEGAS-WDM-CM03 OTN1,Shelf1(Dimension Local)-14,13OBU1,1(IN),"	-60.0",/,/,/,/,/,"	-32.0",-,-,"	-0.2",-,-,-,-,-,-,-,-,-,-,-,-,-,-,-,-
LVEGAS-WDM-CM03 OTN1,Shelf1(Dimension Local)-14,13OBU1,2(OUT),-,-,-,-,-,-,-,-,-,-,-,-,-,-,"	-60.0",/,/,/,-,-,-,-,-,-,-,-
LVEGAS-WDM-CM03 OTN1,Shelf1(Dimension Local)-15,12D40,1(IN),"	-60.0",/,/,/,/,/,"	-25.0",-,-,22.0,-,-,-,-,-,-,-,-,-,-,-,-,-,-,-,-
VALEMANA-WDM-CM03 OTN1,Shelf0(Direccion Quilpue PCS)-3,12M40,1(OUT),-,-,-,-,-,-,-,-,-,-,-,-,-,-,"	-4.6",/,/,/,-,-,-,-,-,-,-,-
VALEMANA-WDM-CM03 OTN1,Shelf0(Direccion Quilpue PCS)-6,11AST2,1(RM1/TM1 (TO QUILPUE ATT 10dB)),"	-16.8","	-16.8",2020-05-14 16:32:23,Normal,"	-19.8","	-11.8","	-42.0","	-46.0","	-9.0","	-10.0","	-46.0","	-9.0",-,-,2.6,/,/,/,0.5,5.0,-,-,-,-,-,-
VALEMANA-WDM-CM03 OTN1,Shelf0(Direccion Quilpue PCS)-6,11AST2,2(RM2/TM2 (TO QUILLOTA ATT 5dB)),"	-16.6","	-18.1",2020-05-14 16:32:23,Normal,"	-21.1","	-13.1","	-42.0","	-46.0","	-9.0","	-10.0","	-46.0","	-9.0",-,-,2.6,/,/,/,0.6,5.0,-,-,-,-,-,-
VALEMANA-WDM-CM03 OTN1,Shelf0(Direccion Quilpue PCS)-7,15WSMD9,1(IN/OUT),6.2,/,/,/,/,/,"	-25.0",-,-,24.0,-,-,-,-,"	-14.1",/,/,/,-,-,-,-,-,-,-,-
VALEMANA-WDM-CM03 OTN1,Shelf0(Direccion Quilpue PCS)-13,13OAU1,1(IN),"	-19.4",/,/,/,/,/,"	-32.0","	-60.0",0.0,3.0,"	-60.0",7.0,-,-,-,-,-,-,-,-,-,-,-,-,-,-
VALEMANA-WDM-CM03 OTN1,Shelf0(Direccion Quilpue PCS)-13,13OAU1,2(PAOUT),-,-,-,-,-,-,-,-,-,-,-,-,-,-,"	-3.0",/,/,/,-,-,-,-,-,-,-,-
VALEMANA-WDM-CM03 OTN1,Shelf0(Direccion Quilpue PCS)-13,13OAU1,3(BAIN),"	-10.8",/,/,/,-,-,"	-32.0","	-60.0",0.0,/,/,/,-,-,-,-,-,-,-,-,-,-,-,-,-,-
VALEMANA-WDM-CM03 OTN1,Shelf0(Direccion Quilpue PCS)-13,13OAU1,4(OUT),-,-,-,-,-,-,-,-,-,-,-,-,-,-,6.5,/,/,/,-,-,-,-,-,-,-,-
VALEMANA-WDM-CM03 OTN1,Shelf0(Direccion Quilpue PCS)-14,13OBU1,1(IN),"	-19.9",/,/,/,/,/,"	-32.0",-,-,"	-0.2",-,-,-,-,-,-,-,-,-,-,-,-,-,-,-,-
VALEMANA-WDM-CM03 OTN1,Shelf0(Direccion Quilpue PCS)-14,13OBU1,2(OUT),-,-,-,-,-,-,-,-,-,-,-,-,-,-,3.8,/,/,/,-,-,-,-,-,-,-,-
VALEMANA-WDM-CM03 OTN1,Shelf0(Direccion Quilpue PCS)-15,12D40,1(IN),3.5,/,/,/,/,/,"	-25.0",-,-,22.0,-,-,-,-,-,-,-,-,-,-,-,-,-,-,-,-
VALEMANA-WDM-CM03 OTN1,Shelf1(Direccion Quillota SW)-1,12M40,1(OUT),-,-,-,-,-,-,-,-,-,-,-,-,-,-,"	-5.0",/,/,/,-,-,-,-,-,-,-,-
VALEMANA-WDM-CM03 OTN1,Shelf1(Direccion Quillota SW)-5,15WSMD9,1(IN/OUT),5.0,/,/,/,/,/,"	-25.0",-,-,24.0,-,-,-,-,"	-10.8",/,/,/,-,-,-,-,-,-,-,-
VALEMANA-WDM-CM03 OTN1,Shelf1(Direccion Quillota SW)-13,13OAU1,1(IN),"	-15.2","	-16.0",2021-02-16 05:24:18 DST,Normal,"	-19.0","	-11.0","	-32.0","	-60.0",0.0,3.0,"	-60.0",7.0,-,-,-,-,-,-,-,-,-,-,-,-,-,-
VALEMANA-WDM-CM03 OTN1,Shelf1(Direccion Quillota SW)-13,13OAU1,2(PAOUT),-,-,-,-,-,-,-,-,-,-,-,-,-,-,"	-2.0","	-2.8",2021-02-16 05:24:18 DST,Normal,-,-,-,-,-,-,-,-
VALEMANA-WDM-CM03 OTN1,Shelf1(Direccion Quillota SW)-13,13OAU1,3(BAIN),"	-14.2","	-15.1",2021-02-16 05:24:18 DST,Normal,-,-,"	-32.0","	-60.0",0.0,/,/,/,-,-,-,-,-,-,-,-,-,-,-,-,-,-
VALEMANA-WDM-CM03 OTN1,Shelf1(Direccion Quillota SW)-13,13OAU1,4(OUT),-,-,-,-,-,-,-,-,-,-,-,-,-,-,5.6,4.9,2021-02-16 05:24:18 DST,Normal,-,-,-,-,-,-,-,-
VALEMANA-WDM-CM03 OTN1,Shelf1(Direccion Quillota SW)-14,13OBU1,1(IN),"	-22.8","	-23.5",2021-02-16 05:25:11 DST,Normal,"	-26.5","	-18.5","	-32.0",-,-,"	-0.2",-,-,-,-,-,-,-,-,-,-,-,-,-,-,-,-
VALEMANA-WDM-CM03 OTN1,Shelf1(Direccion Quillota SW)-14,13OBU1,2(OUT),-,-,-,-,-,-,-,-,-,-,-,-,-,-,1.5,1.2,2021-02-16 05:25:11 DST,Normal,-,-,-,-,-,-,-,-
VALEMANA-WDM-CM03 OTN1,Shelf1(Direccion Quillota SW)-15,12D40,1(IN),1.3,/,/,/,/,/,"	-25.0",-,-,22.0,-,-,-,-,-,-,-,-,-,-,-,-,-,-,-,-
VALEMANA-WDM-CM03 ETN1,Shelf0(subrack)-1,58NS4,1(IN/OUT A QUILLOTA SW),"	-6.8","	-6.4",2021-02-16 05:22:45 DST,Normal,"	-9.4","	-1.4","	-16.0","	-21.0","	-2.0","	-2.0","	-21.0","	-2.0",-,-,"	-2.6",/,/,/,"	-6.0",0.0,-,-,"	-17.0","	-2.0",-,-
VALEMANA-WDM-CM03 ETN1,Shelf0(subrack)-2,53TDX(STND),3(RX1/TX1 PA1 PE RAN VILLA ALEMANA TE 2/0/1),"	-7.9",/,/,/,/,/,"	-14.4","	-18.4",0.5,"	-0.5","	-18.4",0.5,-,-,"	-3.7",/,/,/,"	-7.0",0.0,-,-,-,-,-,-
VALEMANA-WDM-CM03 ETN1,Shelf0(subrack)-2,53TDX(STND),4(RX2/TX2 PB OLT-VILLA ALEMANA-1  XG 0/17/0  TO  RECREO),"	-60.0",/,/,/,/,/,"	-14.4","	-18.4",0.5,"	-0.5","	-18.4",0.5,-,-,"	-2.8",/,/,/,"	-7.0",0.0,-,-,-,-,-,-
VALEMANA-WDM-CM03 ETN1,Shelf0(subrack)-4,17LTX,1(IN1/OUT1 HACIA RECREO VIA LAS VEGAS),"	-13.5",/,/,/,/,/,"	-16.0","	-21.0","	-2.0","	-2.0","	-21.0","	-2.0",-,-,"	-2.4",/,/,/,"	-6.0",0.0,-,-,-,-,-,-
VALEMANA-WDM-CM03 ETN1,Shelf0(subrack)-4,17LTX,3(RX1/TX1 PB1 OLT1 QUILPUE PCS X LTX S15 RX1/TX1),"	-5.3",/,/,/,/,/,"	-14.4","	-18.4",0.5,"	-0.5","	-18.4",0.5,-,-,"	-3.4",/,/,/,"	-7.0",0.0,-,-,-,-,-,-
VALEMANA-WDM-CM03 ETN1,Shelf0(subrack)-4,17LTX,4(RX2/TX2 PB2 OLT1 QUILPUE PCS X LTX S15 RX2/TX2),"	-5.7",/,/,/,/,/,"	-14.4","	-18.4",0.5,"	-0.5","	-18.4",0.5,-,-,"	-3.5",/,/,/,"	-7.0",0.0,-,-,-,-,-,-
VALEMANA-WDM-CM03 ETN1,Shelf0(subrack)-4,17LTX,5(RX3/TX3 PB1 OLT2 QUILPUE PCS X LTX S15 RX3/TX3),"	-6.0",/,/,/,/,/,"	-14.4","	-18.4",0.5,"	-0.5","	-18.4",0.5,-,-,"	-3.5",/,/,/,"	-7.0",0.0,-,-,-,-,-,-
VALEMANA-WDM-CM03 ETN1,Shelf0(subrack)-4,17LTX,6(RX4/TX4 PB2 OLT2 QUILPUE PCS X LTX S15 RX4/TX4),"	-5.1",/,/,/,/,/,"	-14.4","	-18.4",0.5,"	-0.5","	-18.4",0.5,-,-,"	-3.6",/,/,/,"	-7.0",0.0,-,-,-,-,-,-
VALEMANA-WDM-CM03 ETN1,Shelf0(subrack)-4,17LTX,7(RX5/TX5 PB1 OLT3 QUILPUE PCS X LTX S15 RX5/TX5),"	-6.0",/,/,/,/,/,"	-14.4","	-18.4",0.5,"	-0.5","	-18.4",0.5,-,-,"	-3.5",/,/,/,"	-7.0",0.0,-,-,-,-,-,-
VALEMANA-WDM-CM03 ETN1,Shelf0(subrack)-4,17LTX,8(RX6/TX6 PB2 OLT3 QUILPUE PCS X LTX S15 RX6/TX6),"	-6.5",/,/,/,/,/,"	-14.4","	-18.4",0.5,"	-0.5","	-18.4",0.5,-,-,"	-3.5",/,/,/,"	-7.0",0.0,-,-,-,-,-,-
VALEMANA-WDM-CM03 ETN1,Shelf0(subrack)-4,17LTX,9(RX7/TX7 PB1 OLT-1 V.ALEMANA TG 0/17/1 TO RECREO),"	-7.9",/,/,/,/,/,"	-14.4","	-18.4",0.5,"	-0.5","	-18.4",0.5,-,-,"	-2.8",/,/,/,"	-7.0",0.0,-,-,-,-,-,-
VALEMANA-WDM-CM03 ETN1,Shelf0(subrack)-4,17LTX,10(RX8/TX8 PB2 OLT-1 V.ALEMANA TG 0/17/1 TO RECREO),"	-8.8",/,/,/,/,/,"	-14.4","	-18.4",0.5,"	-0.5","	-18.4",0.5,-,-,"	-2.3",/,/,/,"	-7.0",0.0,-,-,-,-,-,-
VALEMANA-WDM-CM03 ETN1,Shelf0(subrack)-4,17LTX,11(RX9/TX9 PB1 OLT-2 V.ALEMANA TG 0/17/0 TO RECREO),"	-8.8",/,/,/,/,/,"	-14.4","	-18.4",0.5,"	-0.5","	-18.4",0.5,-,-,"	-3.7",/,/,/,"	-7.0",0.0,-,-,-,-,-,-
VALEMANA-WDM-CM03 ETN1,Shelf0(subrack)-4,17LTX,12(RX10/TX10 PB2 OLT-2 V.ALEMANA TG 0/17/1 TO RECREO),"	-8.8",/,/,/,/,/,"	-14.4","	-18.4",0.5,"	-0.5","	-18.4",0.5,-,-,"	-3.1",/,/,/,"	-7.0",0.0,-,-,-,-,-,-
VALEMANA-WDM-CM03 ETN1,Shelf0(subrack)-15,17LTX,1(IN1/OUT1 HACIA QUILPUE PCS),"	-5.2",/,/,/,/,/,"	-16.0","	-21.0","	-2.0","	-2.0","	-21.0","	-2.0",-,-,"	-2.4",/,/,/,"	-6.0",0.0,-,-,-,-,-,-
VALEMANA-WDM-CM03 ETN1,Shelf0(subrack)-15,17LTX,3(RX1/TX1 PB1 OLT1 QUILPUE PCS X LTX S4 RX1/TX1),"	-6.0",/,/,/,/,/,"	-14.4","	-18.4",0.5,"	-0.5","	-18.4",0.5,-,-,"	-3.4",/,/,/,"	-7.0",0.0,-,-,-,-,-,-
VALEMANA-WDM-CM03 ETN1,Shelf0(subrack)-15,17LTX,4(RX2/TX2 PB2 OLT1 QUILPUE PCS X LTX S4 RX2/TX2),"	-7.1",/,/,/,/,/,"	-14.4","	-18.4",0.5,"	-0.5","	-18.4",0.5,-,-,"	-3.1",/,/,/,"	-7.0",0.0,-,-,-,-,-,-
VALEMANA-WDM-CM03 ETN1,Shelf0(subrack)-15,17LTX,5(RX3/TX3 PB1 OLT2 QUILPUE PCS X LTX S4 RX3/TX3),"	-6.7",/,/,/,/,/,"	-14.4","	-18.4",0.5,"	-0.5","	-18.4",0.5,-,-,"	-3.2",/,/,/,"	-7.0",0.0,-,-,-,-,-,-
VALEMANA-WDM-CM03 ETN1,Shelf0(subrack)-15,17LTX,6(RX4/TX4 PB2 OLT2 QUILPUE PCS X LTX S4 RX4/TX4),"	-6.1",/,/,/,/,/,"	-14.4","	-18.4",0.5,"	-0.5","	-18.4",0.5,-,-,"	-2.8",/,/,/,"	-7.0",0.0,-,-,-,-,-,-
VALEMANA-WDM-CM03 ETN1,Shelf0(subrack)-15,17LTX,7(RX5/TX5 PB1 OLT3 QUILPUE PCS X LTX S4 RX5/TX5),"	-5.2",/,/,/,/,/,"	-14.4","	-18.4",0.5,"	-0.5","	-18.4",0.5,-,-,"	-3.4",/,/,/,"	-7.0",0.0,-,-,-,-,-,-
VALEMANA-WDM-CM03 ETN1,Shelf0(subrack)-15,17LTX,8(RX6/TX6 PB2 OLT3 QUILPUE PCS X LTX S4 RX6/TX6),"	-6.0",/,/,/,/,/,"	-14.4","	-18.4",0.5,"	-0.5","	-18.4",0.5,-,-,"	-3.4",/,/,/,"	-7.0",0.0,-,-,-,-,-,-
VALEMANA-WDM-CM03 ETN1,Shelf0(subrack)-15,17LTX,9(RX7/TX7 PA1 OLT-1 V.ALEMANA TG 0/16/0 TO RECREO via LV),"	-6.9",/,/,/,/,/,"	-14.4","	-18.4",0.5,"	-0.5","	-18.4",0.5,-,-,"	-3.5",/,/,/,"	-7.0",0.0,-,-,-,-,-,-
VALEMANA-WDM-CM03 ETN1,Shelf0(subrack)-15,17LTX,10(RX8/TX8 PA2 OLT-1 V.ALEMANA TG 0/16/1 TO RECREO via LV),"	-8.8",/,/,/,/,/,"	-14.4","	-18.4",0.5,"	-0.5","	-18.4",0.5,-,-,"	-3.2",/,/,/,"	-7.0",0.0,-,-,-,-,-,-
VALEMANA-WDM-CM03 ETN1,Shelf0(subrack)-15,17LTX,11(RX9/TX9 PA1 OLT-2 V.ALEMANA TG 0/16/0 TO RECREO via LV),"	-8.9",/,/,/,/,/,"	-14.4","	-18.4",0.5,"	-0.5","	-18.4",0.5,-,-,"	-3.6",/,/,/,"	-7.0",0.0,-,-,-,-,-,-
VALEMANA-WDM-CM03 ETN1,Shelf0(subrack)-15,17LTX,12(RX10/TX10 PA2 OLT-2 V.ALEMANA TG 0/16/1 TO RECREO via LV),"	-9.2",/,/,/,/,/,"	-14.4","	-18.4",0.5,"	-0.5","	-18.4",0.5,-,-,"	-3.0",/,/,/,"	-7.0",0.0,-,-,-,-,-,-
VALEMANA-WDM-CM03 ETN1,Shelf0(subrack)-16,54TOA(STND),3(RX1/TX1 PB1 PE RAN VILLA ALEMANA GE 3/1/11),"	-6.7",/,/,/,/,/,"	-20.0","	-24.0","	-3.0","	-4.0","	-24.0","	-3.0",-,-,"	-5.2",/,/,/,"	-10.0","	-2.0",-,-,-,-,-,-
VALEMANA-WDM-CM03 ETN1,Shelf0(subrack)-16,54TOA(STND),4(RX2/TX2 PB2 PE RAN VILLA ALEMANA GE 3/1/7),"	-6.9",/,/,/,/,/,"	-20.0","	-24.0","	-3.0","	-4.0","	-24.0","	-3.0",-,-,"	-5.4",/,/,/,"	-10.0","	-2.0",-,-,-,-,-,-
VALEMANA-WDM-CM03 ETN1,Shelf0(subrack)-16,54TOA(STND),5(RX3/TX3 PB3 PE RAN VILLA ALEMANA GE 3/1/6),"	-6.7",/,/,/,/,/,"	-20.0","	-24.0","	-3.0","	-4.0","	-24.0","	-3.0",-,-,"	-6.0",/,/,/,"	-10.0","	-2.0",-,-,-,-,-,-
VALEMANA-WDM-CM03 ETN1,Shelf0(subrack)-16,54TOA(STND),6(RX4/TX4 PB4 PE RAN VILLA ALEMANA GE 3/1/5),"	-6.2",/,/,/,/,/,"	-20.0","	-24.0","	-3.0","	-4.0","	-24.0","	-3.0",-,-,"	-6.1",/,/,/,"	-10.0","	-2.0",-,-,-,-,-,-
VALEMANA-WDM-CM03 ETN1,Shelf0(subrack)-16,54TOA(STND),7(RX5/TX5 PB5 PE RAN VILLA ALEMANA GE 3/0/7),"	-6.1",/,/,/,/,/,"	-20.0","	-24.0","	-3.0","	-4.0","	-24.0","	-3.0",-,-,"	-6.0",/,/,/,"	-10.0","	-2.0",-,-,-,-,-,-
VALEMANA-WDM-CM03 ETN1,Shelf0(subrack)-16,54TOA(STND),8(RX6/TX6 PB6 PE RAN VILLA ALEMANA GE 3/0/6),"	-5.8",/,/,/,/,/,"	-20.0","	-24.0","	-3.0","	-4.0","	-24.0","	-3.0",-,-,"	-5.7",/,/,/,"	-10.0","	-2.0",-,-,-,-,-,-
VALEMANA-WDM-CM03 ETN1,Shelf0(subrack)-16,54TOA(STND),9(RX7/TX7 PB7 PE RAN VILLA ALEMANA GE 3/1/2),"	-7.3",/,/,/,/,/,"	-20.0","	-24.0","	-3.0","	-4.0","	-24.0","	-3.0",-,-,"	-5.9",/,/,/,"	-10.0","	-2.0",-,-,-,-,-,-
VALEMANA-WDM-CM03 ETN1,Shelf0(subrack)-16,54TOA(STND),10(RX8/TX8 PB8 PE RAN VILLA ALEMANA GE 3/1/10),"	-6.1",/,/,/,/,/,"	-20.0","	-24.0","	-3.0","	-4.0","	-24.0","	-3.0",-,-,"	-5.8",/,/,/,"	-10.0","	-2.0",-,-,-,-,-,-
VALEMANA-WDM-CM03 ETN1,Shelf0(subrack)-17,53TDX(STND),3(RX1/TX1),/,/,/,/,/,/,/,/,/,/,/,/,-,-,/,/,/,/,/,/,-,-,-,-,-,-
VALEMANA-WDM-CM03 ETN1,Shelf0(subrack)-17,53TDX(STND),4(RX2/TX2 PA1   OLT-VILLA ALEMANA-1 XG 0/16/0  TO  RECREO),"	-60.0",/,/,/,/,/,"	-15.0","	-19.0","	-1.0","	-2.0","	-19.0","	-1.0",-,-,0.5,/,/,/,"	-2.0",3.0,-,-,-,-,-,-
VALEMANA-WDM-CM03 ETN1,Shelf0(subrack)-18,58NS4,1(IN/OUT A QUILPUE PCS),"	-5.8",/,/,/,/,/,"	-16.0","	-21.0","	-2.0","	-2.0","	-21.0","	-2.0",-,-,"	-2.6",/,/,/,"	-6.0",0.0,-,-,"	-17.0","	-2.0",-,-
RECREO-WDM-CM03 OTN1,Shelf0(To Agua Santa)-3,12M40,1(OUT),-,-,-,-,-,-,-,-,-,-,-,-,-,-,/,/,/,/,-,-,-,-,-,-,-,-
RECREO-WDM-CM03 OTN1,Shelf0(To Agua Santa)-6,11AST2,1(RM1/TM1 A Valparaiso),"	-12.7",/,/,/,/,/,"	-42.0","	-46.0","	-9.0","	-10.0","	-46.0","	-9.0",-,-,2.6,/,/,/,0.5,5.0,-,-,-,-,-,-
RECREO-WDM-CM03 OTN1,Shelf0(To Agua Santa)-6,11AST2,2(RM2/TM2 A Agua Santa),"	-11.3",/,/,/,/,/,"	-42.0","	-46.0","	-9.0","	-10.0","	-46.0","	-9.0",-,-,2.5,/,/,/,0.5,5.0,-,-,-,-,-,-
RECREO-WDM-CM03 OTN1,Shelf0(To Agua Santa)-7,15WSMD9,1(IN/OUT),/,/,/,/,/,/,/,-,-,/,-,-,-,-,/,/,/,/,-,-,-,-,-,-,-,-
RECREO-WDM-CM03 OTN1,Shelf0(To Agua Santa)-13,13OAU1,1(IN),/,/,/,/,/,/,/,/,/,/,/,/,-,-,-,-,-,-,-,-,-,-,-,-,-,-
RECREO-WDM-CM03 OTN1,Shelf0(To Agua Santa)-13,13OAU1,2(PAOUT),-,-,-,-,-,-,-,-,-,-,-,-,-,-,/,/,/,/,-,-,-,-,-,-,-,-
RECREO-WDM-CM03 OTN1,Shelf0(To Agua Santa)-13,13OAU1,3(BAIN),/,/,/,/,-,-,/,/,/,/,/,/,-,-,-,-,-,-,-,-,-,-,-,-,-,-
RECREO-WDM-CM03 OTN1,Shelf0(To Agua Santa)-13,13OAU1,4(OUT),-,-,-,-,-,-,-,-,-,-,-,-,-,-,/,/,/,/,-,-,-,-,-,-,-,-
RECREO-WDM-CM03 OTN1,Shelf0(To Agua Santa)-14,13OBU1,1(IN),/,/,/,/,/,/,/,-,-,/,-,-,-,-,-,-,-,-,-,-,-,-,-,-,-,-
RECREO-WDM-CM03 OTN1,Shelf0(To Agua Santa)-14,13OBU1,2(OUT),-,-,-,-,-,-,-,-,-,-,-,-,-,-,/,/,/,/,-,-,-,-,-,-,-,-
RECREO-WDM-CM03 OTN1,Shelf0(To Agua Santa)-15,12D40,1(IN),/,/,/,/,/,/,/,-,-,/,-,-,-,-,-,-,-,-,-,-,-,-,-,-,-,-
RECREO-WDM-CM03 OTN1,Shelf1(To Valparaiso)-2,15WSMD9,1(IN/OUT),/,/,/,/,/,/,/,-,-,/,-,-,-,-,/,/,/,/,-,-,-,-,-,-,-,-
RECREO-WDM-CM03 OTN1,Shelf1(To Valparaiso)-16,13OAU1,1(IN),/,/,/,/,/,/,/,/,/,/,/,/,-,-,-,-,-,-,-,-,-,-,-,-,-,-
RECREO-WDM-CM03 OTN1,Shelf1(To Valparaiso)-16,13OAU1,2(PAOUT),-,-,-,-,-,-,-,-,-,-,-,-,-,-,/,/,/,/,-,-,-,-,-,-,-,-
RECREO-WDM-CM03 OTN1,Shelf1(To Valparaiso)-16,13OAU1,3(BAIN),/,/,/,/,-,-,/,/,/,/,/,/,-,-,-,-,-,-,-,-,-,-,-,-,-,-
RECREO-WDM-CM03 OTN1,Shelf1(To Valparaiso)-16,13OAU1,4(OUT),-,-,-,-,-,-,-,-,-,-,-,-,-,-,/,/,/,/,-,-,-,-,-,-,-,-
RECREO-WDM-CM03 OTN1,Shelf2(Dimension Local)-1,12M40,1(OUT),-,-,-,-,-,-,-,-,-,-,-,-,-,-,/,/,/,/,-,-,-,-,-,-,-,-
RECREO-WDM-CM03 OTN1,Shelf2(Dimension Local)-3,13OBU1,1(IN),/,/,/,/,/,/,/,-,-,/,-,-,-,-,-,-,-,-,-,-,-,-,-,-,-,-
RECREO-WDM-CM03 OTN1,Shelf2(Dimension Local)-3,13OBU1,2(OUT),-,-,-,-,-,-,-,-,-,-,-,-,-,-,/,/,/,/,-,-,-,-,-,-,-,-
RECREO-WDM-CM03 OTN1,Shelf2(Dimension Local)-4,12WSMD9,1(IN/OUT),/,/,/,/,/,/,/,-,-,/,-,-,-,-,/,/,/,/,-,-,-,-,-,-,-,-
RECREO-WDM-CM03 OTN1,Shelf2(Dimension Local)-14,13OBU1,1(IN),/,/,/,/,/,/,/,-,-,/,-,-,-,-,-,-,-,-,-,-,-,-,-,-,-,-
RECREO-WDM-CM03 OTN1,Shelf2(Dimension Local)-14,13OBU1,2(OUT),-,-,-,-,-,-,-,-,-,-,-,-,-,-,/,/,/,/,-,-,-,-,-,-,-,-
RECREO-WDM-CM03 OTN1,Shelf2(Dimension Local)-15,12D40,1(IN),/,/,/,/,/,/,/,-,-,/,-,-,-,-,-,-,-,-,-,-,-,-,-,-,-,-
RECREO-WDM-CM03 ETN1,Shelf0(subrack)-1,58NS4,1(IN/OUT HACIA AGUASANTA),/,/,/,/,/,/,"	-16.0","	-21.0","	-2.0","	-2.0","	-21.0","	-2.0",-,-,/,/,/,/,"	-6.0",0.0,-,-,"	-17.0","	-2.0",-,-
RECREO-WDM-CM03 ETN1,Shelf0(subrack)-2,55TTX,3(RX1/TX1 PE1 RECREO TE 0/2/1/2 PLANO A OLT 3 NUEVA 13 NORTE),"	-6.3","	-6.3",2021-04-23 01:07:45,Normal,"	-9.3","	-1.3","	-14.4","	-18.4",0.5,"	-0.5","	-18.4",0.5,-,-,"	-3.2",/,/,/,"	-7.0",0.0,-,-,-,-,-,-
RECREO-WDM-CM03 ETN1,Shelf0(subrack)-2,55TTX,4(RX2/TX2 PE1 RECREO TE 0/6/1/1 PLANO B OLT NUEVA ARLEGUI 1),"	-9.6","	-9.6",2021-04-23 01:07:45,Normal,"	-12.6","	-4.6","	-14.4","	-18.4",0.5,"	-0.5","	-18.4",0.5,-,-,"	-3.0",/,/,/,"	-7.0",0.0,-,-,-,-,-,-
RECREO-WDM-CM03 ETN1,Shelf0(subrack)-2,55TTX,5(RX3/TX3 PLANO B OLT VALPARAISO 1 PE1-RECREO Te 0/6/1/4),"	-7.7","	-7.5",2021-04-23 01:07:45,Normal,"	-10.5","	-2.5","	-14.4","	-18.4",0.5,"	-0.5","	-18.4",0.5,-,-,"	-3.6",/,/,/,"	-7.0",0.0,-,-,-,-,-,-
RECREO-WDM-CM03 ETN1,Shelf0(subrack)-2,55TTX,6(RX4/TX4 PA NUEVO PE RAN ACHUPALLAS - P1 CORE RECREO TE 0/5/0/9),"	-7.5","	-7.5",2021-04-23 01:07:45,Normal,"	-10.5","	-2.5","	-14.4","	-18.4",0.5,"	-0.5","	-18.4",0.5,-,-,"	-3.1",/,/,/,"	-7.0",0.0,-,-,-,-,-,-
RECREO-WDM-CM03 ETN1,Shelf0(subrack)-2,55TTX,7(RX5/TX5 PB OLT CONCON 2 PE1 RECREO TE 0/2/1/1),"	-6.8","	-6.8",2021-04-23 01:07:45,Normal,"	-9.8","	-1.8","	-14.4","	-18.4",0.5,"	-0.5","	-18.4",0.5,-,-,"	-3.2",/,/,/,"	-7.0",0.0,-,-,-,-,-,-
RECREO-WDM-CM03 ETN1,Shelf0(subrack)-2,55TTX,8(RX6/TX6 PA1 PE-RAN-AGUASANT - P1-CORE CRS RECREO Te 0/0/0/2),"	-5.2","	-5.1",2021-04-23 01:07:45,Normal,"	-8.1","	-0.1","	-14.4","	-18.4",0.5,"	-0.5","	-18.4",0.5,-,-,"	-3.4",/,/,/,"	-7.0",0.0,-,-,-,-,-,-
RECREO-WDM-CM03 ETN1,Shelf0(subrack)-2,55TTX,9(RX7/TX7 PA2 PE-RAN-AGUASANT - P1-CORE CRS RECREO Te 0/0/0/1),"	-5.6","	-5.7",2021-04-23 01:11:51,Normal,"	-8.7","	-0.7","	-12.6","	-16.6",0.5,"	-0.5","	-16.6",0.5,-,-,"	-1.8",/,/,/,"	-9.2",1.5,-,-,-,-,-,-
RECREO-WDM-CM03 ETN1,Shelf0(subrack)-2,55TTX,10(RX8/TX8 PB1 OLT CURAUMA A PE COM),"	-5.8",/,/,/,/,/,"	-14.4","	-18.4",0.5,"	-0.5","	-18.4",0.5,-,-,"	-2.8",/,/,/,"	-7.0",0.0,-,-,-,-,-,-
RECREO-WDM-CM03 ETN1,Shelf0(subrack)-2,55TTX,11(RX9/TX9 PB2 OLT CURAUMA CxC PE1-RECREO Te 0/0/1/0),"	-8.0",/,/,/,/,/,"	-12.6","	-16.6",0.5,"	-0.5","	-16.6",0.5,-,-,"	-3.4",/,/,/,"	-9.2",1.5,-,-,-,-,-,-
RECREO-WDM-CM03 ETN1,Shelf0(subrack)-2,55TTX,12(RX10/TX10 OLT VILLA ALEMANA),"	-60.0",/,/,/,/,/,"	-12.6","	-16.6",0.5,"	-0.5","	-16.6",0.5,-,-,"	-3.3",/,/,/,"	-9.2",1.5,-,-,-,-,-,-
RECREO-WDM-CM03 ETN1,Shelf0(subrack)-3,58NS4,1(IN/OUT HACIA 13 NORTE VIA AGUASANTA ANILLO CORTO),/,/,/,/,/,/,"	-16.0","	-21.0","	-2.0","	-2.0","	-21.0","	-2.0",-,-,/,/,/,/,"	-6.0",0.0,-,-,"	-17.0","	-2.0",-,-
RECREO-WDM-CM03 ETN1,Shelf0(subrack)-4,54TOA(STND),3(RX1/TX1 PA1 PE RAN AGUA SANTA - P1 CORE CRS RECREO G 0/0/1/3),/,/,/,/,/,/,"	-20.0","	-24.0","	-3.0","	-4.0","	-24.0","	-3.0",-,-,/,/,/,/,"	-10.0","	-2.0",-,-,-,-,-,-
RECREO-WDM-CM03 ETN1,Shelf0(subrack)-4,54TOA(STND),4(RX2/TX2 PA2 PE RAN AGUA SANTA - P1 CORE CRS RECREO G 0/1/1/3),/,/,/,/,/,/,"	-20.0","	-24.0","	-3.0","	-4.0","	-24.0","	-3.0",-,-,/,/,/,/,"	-10.0","	-2.0",-,-,-,-,-,-
RECREO-WDM-CM03 ETN1,Shelf0(subrack)-4,54TOA(STND),5(RX3/TX3 PA3 PE RAN AGUA SANTA - P1 CORE CRS RECREO G 0/1/1/6),/,/,/,/,/,/,"	-20.0","	-24.0","	-3.0","	-4.0","	-24.0","	-3.0",-,-,/,/,/,/,"	-10.0","	-2.0",-,-,-,-,-,-
RECREO-WDM-CM03 ETN1,Shelf0(subrack)-4,54TOA(STND),6(RX4/TX4 PA4 PE RAN AGUA SANTA - P1 CORE CRS RECREO G 0/1/1/7),/,/,/,/,/,/,"	-20.0","	-24.0","	-3.0","	-4.0","	-24.0","	-3.0",-,-,/,/,/,/,"	-10.0","	-2.0",-,-,-,-,-,-
RECREO-WDM-CM03 ETN1,Shelf0(subrack)-4,54TOA(STND),7(RX5/TX5 PA1 PE RAN ACHUPALLAS - P1 CORE CRS RECREO GE 0/0/1/2),/,/,/,/,/,/,"	-20.0","	-24.0","	-3.0","	-4.0","	-24.0","	-3.0",-,-,/,/,/,/,"	-10.0","	-2.0",-,-,-,-,-,-
RECREO-WDM-CM03 ETN1,Shelf0(subrack)-4,54TOA(STND),8(RX6/TX6 PA2 PE RAN ACHUPALLAS - P1 CORE CRS RECREO GE 0/0/1/7),/,/,/,/,/,/,"	-20.0","	-24.0","	-3.0","	-4.0","	-24.0","	-3.0",-,-,/,/,/,/,"	-10.0","	-2.0",-,-,-,-,-,-
RECREO-WDM-CM03 ETN1,Shelf0(subrack)-4,54TOA(STND),9(RX7/TX7 PA3 PE RAN ACHUPALLAS - P1 CORE CRS RECREO GE 0/1/1/4),/,/,/,/,/,/,"	-20.0","	-24.0","	-3.0","	-4.0","	-24.0","	-3.0",-,-,/,/,/,/,"	-10.0","	-2.0",-,-,-,-,-,-
RECREO-WDM-CM03 ETN1,Shelf0(subrack)-4,54TOA(STND),10(RX8/TX8 PA4 PE RAN ACHUPALLAS - P1 CORE CRS RECREO GE 0/1/1/5),/,/,/,/,/,/,"	-20.0","	-24.0","	-3.0","	-4.0","	-24.0","	-3.0",-,-,/,/,/,/,"	-10.0","	-2.0",-,-,-,-,-,-
RECREO-WDM-CM03 ETN1,Shelf0(subrack)-6,17LTX,1(IN1/OUT1 HACIA QUILPUE PCS),/,/,/,/,/,/,"	-16.0","	-21.0","	-2.0","	-2.0","	-21.0","	-2.0",-,-,/,/,/,/,"	-6.0",0.0,-,-,-,-,-,-
RECREO-WDM-CM03 ETN1,Shelf0(subrack)-6,17LTX,3(RX1/TX1 PA1 OLT1 QUILPUE PCS),/,/,/,/,/,/,"	-14.4","	-18.4",0.5,"	-0.5","	-18.4",0.5,-,-,/,/,/,/,"	-7.0",0.0,-,-,-,-,-,-
RECREO-WDM-CM03 ETN1,Shelf0(subrack)-6,17LTX,4(RX2/TX2 PA2 OLT1 QUILPUE PCS),/,/,/,/,/,/,"	-14.4","	-18.4",0.5,"	-0.5","	-18.4",0.5,-,-,/,/,/,/,"	-7.0",0.0,-,-,-,-,-,-
RECREO-WDM-CM03 ETN1,Shelf0(subrack)-6,17LTX,5(RX3/TX3 PA1 PE RECREO TG 0/1/0/2 TO OLT2-QUILPUE-PCS),/,/,/,/,/,/,"	-14.4","	-18.4",0.5,"	-0.5","	-18.4",0.5,-,-,/,/,/,/,"	-7.0",0.0,-,-,-,-,-,-
RECREO-WDM-CM03 ETN1,Shelf0(subrack)-6,17LTX,6(RX4/TX4 PA2 PE RECREO TG 0/1/0/3 TO OLT2-QUILPUE-PCS),/,/,/,/,/,/,"	-14.4","	-18.4",0.5,"	-0.5","	-18.4",0.5,-,-,/,/,/,/,"	-7.0",0.0,-,-,-,-,-,-
RECREO-WDM-CM03 ETN1,Shelf0(subrack)-6,17LTX,7(RX5/TX5 PA1 PE RECREO TG 0/1/0/4 TO OLT3-QUILPUE-PCS),/,/,/,/,/,/,"	-14.4","	-18.4",0.5,"	-0.5","	-18.4",0.5,-,-,/,/,/,/,"	-7.0",0.0,-,-,-,-,-,-
RECREO-WDM-CM03 ETN1,Shelf0(subrack)-6,17LTX,8(RX6/TX6 PA2 PE RECREO TG 0/1/0/5 TO OLT3-QUILPUE-PCS),/,/,/,/,/,/,"	-14.4","	-18.4",0.5,"	-0.5","	-18.4",0.5,-,-,/,/,/,/,"	-7.0",0.0,-,-,-,-,-,-
RECREO-WDM-CM03 ETN1,Shelf0(subrack)-6,17LTX,9(RX7/TX7 PA1 PE RECREO TG 0/1/0/0 TO OLT1-V.ALEMANA),/,/,/,/,/,/,"	-14.4","	-18.4",0.5,"	-0.5","	-18.4",0.5,-,-,/,/,/,/,"	-7.0",0.0,-,-,-,-,-,-
RECREO-WDM-CM03 ETN1,Shelf0(subrack)-6,17LTX,10(RX8/TX8 PA2 PE RECREO TG 0/1/0/1 TO OLT-1 V.ALEMANA),/,/,/,/,/,/,"	-14.4","	-18.4",0.5,"	-0.5","	-18.4",0.5,-,-,/,/,/,/,"	-7.0",0.0,-,-,-,-,-,-
RECREO-WDM-CM03 ETN1,Shelf0(subrack)-6,17LTX,11(RX9/TX9 PA1 PE RECREO TG 0/1/1/0 TO OLT-2 V.ALEMANA),/,/,/,/,/,/,"	-14.4","	-18.4",0.5,"	-0.5","	-18.4",0.5,-,-,/,/,/,/,"	-7.0",0.0,-,-,-,-,-,-
RECREO-WDM-CM03 ETN1,Shelf0(subrack)-6,17LTX,12(RX10/TX10 PA2 PE RECREO TG 0/1/1/1 TO OLT-2 V.ALEMANA),/,/,/,/,/,/,"	-14.4","	-18.4",0.5,"	-0.5","	-18.4",0.5,-,-,/,/,/,/,"	-7.0",0.0,-,-,-,-,-,-
RECREO-WDM-CM03 ETN1,Shelf0(subrack)-7,55TTX,3(RX1/TX1 RESERVADO PE RAN),/,/,/,/,/,/,/,/,/,/,/,/,-,-,/,/,/,/,/,/,-,-,-,-,-,-
RECREO-WDM-CM03 ETN1,Shelf0(subrack)-7,55TTX,4(RX2/TX2 RESERVADO PE RAN),/,/,/,/,/,/,/,/,/,/,/,/,-,-,/,/,/,/,/,/,-,-,-,-,-,-
RECREO-WDM-CM03 ETN1,Shelf0(subrack)-7,55TTX,5(RX3/TX3 RESERVADO PE RAN),/,/,/,/,/,/,/,/,/,/,/,/,-,-,/,/,/,/,/,/,-,-,-,-,-,-
RECREO-WDM-CM03 ETN1,Shelf0(subrack)-7,55TTX,6(RX4/TX4 RESERVADO PE RAN),/,/,/,/,/,/,/,/,/,/,/,/,-,-,/,/,/,/,/,/,-,-,-,-,-,-
RECREO-WDM-CM03 ETN1,Shelf0(subrack)-7,55TTX,7(RX5/TX5 RESERVADO PE RAN),/,/,/,/,/,/,/,/,/,/,/,/,-,-,/,/,/,/,/,/,-,-,-,-,-,-
RECREO-WDM-CM03 ETN1,Shelf0(subrack)-7,55TTX,8(RX6/TX6 RESERVADO PE RAN),/,/,/,/,/,/,/,/,/,/,/,/,-,-,/,/,/,/,/,/,-,-,-,-,-,-
RECREO-WDM-CM03 ETN1,Shelf0(subrack)-7,55TTX,9(RX7/TX7 RESERVADO PE RAN),/,/,/,/,/,/,/,/,/,/,/,/,-,-,/,/,/,/,/,/,-,-,-,-,-,-
RECREO-WDM-CM03 ETN1,Shelf0(subrack)-7,55TTX,10(RX8/TX8 RESERVADO PE RAN),/,/,/,/,/,/,/,/,/,/,/,/,-,-,/,/,/,/,/,/,-,-,-,-,-,-
RECREO-WDM-CM03 ETN1,Shelf0(subrack)-7,55TTX,11(RX9/TX9 RESERVADO OLT),/,/,/,/,/,/,/,/,/,/,/,/,-,-,/,/,/,/,/,/,-,-,-,-,-,-
RECREO-WDM-CM03 ETN1,Shelf0(subrack)-7,55TTX,12(RX10/TX10 RESERVADO OLT),/,/,/,/,/,/,/,/,/,/,/,/,-,-,/,/,/,/,/,/,-,-,-,-,-,-
RECREO-WDM-CM03 ETN1,Shelf0(subrack)-12,55TTX,3(RX1/TX1  PLANO B-UPLINK2-OLT CONCON 2),"	-2.8",/,/,/,/,/,"	-14.4","	-18.4",0.5,"	-0.5","	-18.4",0.5,-,-,"	-3.3",/,/,/,"	-7.0",0.0,-,-,-,-,-,-
RECREO-WDM-CM03 ETN1,Shelf0(subrack)-12,55TTX,4(RX2/TX2 RESERVA OLT CONCON 2),/,/,/,/,/,/,"	-14.4","	-18.4",0.5,"	-0.5","	-18.4",0.5,-,-,/,/,/,/,"	-7.0",0.0,-,-,-,-,-,-
RECREO-WDM-CM03 ETN1,Shelf0(subrack)-12,55TTX,5(RX3/TX3 RESERVA OLT PB1 REÑACA NORTE),/,/,/,/,/,/,"	-14.4","	-18.4",0.5,"	-0.5","	-18.4",0.5,-,-,/,/,/,/,"	-7.0",0.0,-,-,-,-,-,-
RECREO-WDM-CM03 ETN1,Shelf0(subrack)-12,55TTX,6(RX4/TX4 RESERVA OLT PB1 REÑACA NORTE),/,/,/,/,/,/,"	-14.4","	-18.4",0.5,"	-0.5","	-18.4",0.5,-,-,/,/,/,/,"	-7.0",0.0,-,-,-,-,-,-
RECREO-WDM-CM03 ETN1,Shelf0(subrack)-12,55TTX,7(RX5/TX5 PA1 PE RAN AGUA SANTA P1-CORE CRS RECREO Te 0/5/0/12),"	-5.7",/,/,/,/,/,"	-14.4","	-18.4",0.5,"	-0.5","	-18.4",0.5,-,-,"	-3.0",/,/,/,"	-7.0",0.0,-,-,-,-,-,-
RECREO-WDM-CM03 ETN1,Shelf0(subrack)-12,55TTX,8(RX6/TX6 PA2 PE RAN AGUA SANTA P1-CORE CRS RECREO Te 0/5/0/7),"	-5.6",/,/,/,/,/,"	-14.4","	-18.4",0.5,"	-0.5","	-18.4",0.5,-,-,"	-2.7",/,/,/,"	-7.0",0.0,-,-,-,-,-,-
RECREO-WDM-CM03 ETN1,Shelf0(subrack)-12,55TTX,9(RX7/TX7 RESERVA OLT PA1 NVA 13 NORTE),/,/,/,/,/,/,"	-14.4","	-18.4",0.5,"	-0.5","	-18.4",0.5,-,-,/,/,/,/,"	-7.0",0.0,-,-,-,-,-,-
RECREO-WDM-CM03 ETN1,Shelf0(subrack)-12,55TTX,10(RX8/TX8 RESERVA OLT PA2 NVA 13 NORTE),/,/,/,/,/,/,"	-14.4","	-18.4",0.5,"	-0.5","	-18.4",0.5,-,-,/,/,/,/,"	-7.0",0.0,-,-,-,-,-,-
RECREO-WDM-CM03 ETN1,Shelf0(subrack)-12,55TTX,11(RX9/TX9 PA2 OLT CURAUMA CxC PE1-RECREO Te 0/2/0/0),"	-6.6",/,/,/,/,/,"	-14.4","	-18.4",0.5,"	-0.5","	-18.4",0.5,-,-,"	-2.9",/,/,/,"	-7.0",0.0,-,-,-,-,-,-
RECREO-WDM-CM03 ETN1,Shelf0(subrack)-12,55TTX,12(RX10/TX10 PA2 PE RAN QUILPUE PCS -- P1 CORE RECREO TE 0/5/0/8),"	-5.6","	-5.4",2021-10-22 01:06:36 DST,Normal,"	-8.4","	-0.4","	-14.4","	-18.4",0.5,"	-0.5","	-18.4",0.5,-,-,"	-3.4",/,/,/,"	-7.0",0.0,-,-,-,-,-,-
RECREO-WDM-CM03 ETN1,Shelf0(subrack)-13,59NS4,1(IN/OUT HACIA ACHUPALLAS VIA AGUA SANTA PCS),/,/,/,/,/,/,"	-16.0","	-28.0",0.0,"	-2.0","	-28.0",0.0,-,-,/,/,/,/,"	-6.0",0.0,-,-,-,-,-,-
RECREO-WDM-CM03 ETN1,Shelf0(subrack)-13,59NS4,1(IN/OUT HACIA ACHUPALLAS VIA AGUA SANTA PCS)-1,-,-,-,-,-,-,-,-,-,-,-,-,-,-,-,-,-,-,-,-,-,-,-,-,-,-
RECREO-WDM-CM03 ETN1,Shelf0(subrack)-15,17LTX,1(IN1/OUT1 HACIA VILLA ALEMANA VIA LAS VEGAS),"	-10.5",/,/,/,/,/,"	-16.0","	-21.0","	-2.0","	-2.0","	-21.0","	-2.0",-,-,"	-2.7",/,/,/,"	-6.0",0.0,-,-,-,-,-,-
RECREO-WDM-CM03 ETN1,Shelf0(subrack)-15,17LTX,3(RX1/TX1 PB1 OLT1 QUILPUE PCS),"	-7.7",/,/,/,/,/,"	-14.4","	-18.4",0.5,"	-0.5","	-18.4",0.5,-,-,"	-3.6",/,/,/,"	-7.0",0.0,-,-,-,-,-,-
RECREO-WDM-CM03 ETN1,Shelf0(subrack)-15,17LTX,4(RX2/TX2 PB2 OLT1 QUILPUE PCS),"	-8.1",/,/,/,/,/,"	-14.4","	-18.4",0.5,"	-0.5","	-18.4",0.5,-,-,"	-3.8",/,/,/,"	-7.0",0.0,-,-,-,-,-,-
RECREO-WDM-CM03 ETN1,Shelf0(subrack)-15,17LTX,5(RX3/TX3 PB1 PE RECREO TG 0/1/1/2 TO OLT2 QUILPUE PCS via LV),"	-8.1",/,/,/,/,/,"	-14.4","	-18.4",0.5,"	-0.5","	-18.4",0.5,-,-,"	-3.4",/,/,/,"	-7.0",0.0,-,-,-,-,-,-
RECREO-WDM-CM03 ETN1,Shelf0(subrack)-15,17LTX,6(RX4/TX4 PB2 PE RECREO TG 0/1/1/3 TO OLT2 QUILPUE PCS via LV),"	-8.6",/,/,/,/,/,"	-14.4","	-18.4",0.5,"	-0.5","	-18.4",0.5,-,-,"	-4.2",/,/,/,"	-7.0",0.0,-,-,-,-,-,-
RECREO-WDM-CM03 ETN1,Shelf0(subrack)-15,17LTX,7(RX5/TX5 PB1 PE RECREO TG 0/1/1/4 TO OLT3 QUILPUE PCS via LV),"	-6.2",/,/,/,/,/,"	-14.4","	-18.4",0.5,"	-0.5","	-18.4",0.5,-,-,"	-3.8",/,/,/,"	-7.0",0.0,-,-,-,-,-,-
RECREO-WDM-CM03 ETN1,Shelf0(subrack)-15,17LTX,8(RX6/TX6 PB1 PE RECREO TG 0/1/1/5 TO OLT3 QUILPUE PCS via LV),"	-9.2",/,/,/,/,/,"	-14.4","	-18.4",0.5,"	-0.5","	-18.4",0.5,-,-,"	-3.3",/,/,/,"	-7.0",0.0,-,-,-,-,-,-
RECREO-WDM-CM03 ETN1,Shelf0(subrack)-15,17LTX,9(RX7/TX7 PB1 PE RECREO TG 0/5/0/0 TO OLT1 V.ALEMANA via LV),"	-5.6",/,/,/,/,/,"	-14.4","	-18.4",0.5,"	-0.5","	-18.4",0.5,-,-,"	-3.3",/,/,/,"	-7.0",0.0,-,-,-,-,-,-
RECREO-WDM-CM03 ETN1,Shelf0(subrack)-15,17LTX,10(RX8/TX8 PB2 PE RECREO TG 0/5/0/1 TO OLT1 V.ALEMANA via LV),"	-6.8",/,/,/,/,/,"	-14.4","	-18.4",0.5,"	-0.5","	-18.4",0.5,-,-,"	-2.7",/,/,/,"	-7.0",0.0,-,-,-,-,-,-
RECREO-WDM-CM03 ETN1,Shelf0(subrack)-15,17LTX,11(RX9/TX9 PB1 PE RECREO TG 0/5/1/4 TO OLT-2 V.ALEMANA via LV),"	-6.6",/,/,/,/,/,"	-14.4","	-18.4",0.5,"	-0.5","	-18.4",0.5,-,-,"	-3.4",/,/,/,"	-7.0",0.0,-,-,-,-,-,-
RECREO-WDM-CM03 ETN1,Shelf0(subrack)-15,17LTX,12(RX10/TX10 PB2 PE RECREO TG 0/5/1/5 TO OLT-2 V.ALEMANA via LV),"	-6.0",/,/,/,/,/,"	-14.4","	-18.4",0.5,"	-0.5","	-18.4",0.5,-,-,"	-3.1",/,/,/,"	-7.0",0.0,-,-,-,-,-,-
RECREO-WDM-CM03 ETN1,Shelf0(subrack)-16,58NS4,1(IN/OUT HACIA LAS VEGAS VIA CORE VALPO),/,"	-6.0",2021-02-16 03:14:51 DST,/,"	-9.0","	-1.0","	-16.0","	-21.0","	-2.0","	-2.0","	-21.0","	-2.0",-,-,/,/,/,/,"	-6.0",0.0,-,-,"	-17.0","	-2.0",-,-
RECREO-WDM-CM03 ETN1,Shelf0(subrack)-17,55TTX,3(RX1/TX1 PE1 RECREO TE 0/3/1/3 PLANO B OLT 3 NUEVA 13 NORTE),"	-5.6","	-5.6",2021-10-22 10:29:15 DST,Normal,"	-8.6","	-0.6","	-12.6","	-16.6",0.5,"	-0.5","	-16.6",0.5,-,-,"	-1.0",/,/,/,"	-9.2",1.5,-,-,-,-,-,-
RECREO-WDM-CM03 ETN1,Shelf0(subrack)-17,55TTX,4(RX2/TX2 PE1 RECREO TE 0/2/1/3 PLANO A OLT NUEVA ARLEGUI),"	-8.2","	-8.1",2021-10-22 10:29:15 DST,Normal,"	-11.1","	-3.1","	-12.6","	-16.6",0.5,"	-0.5","	-16.6",0.5,-,-,"	-3.3",/,/,/,"	-9.2",1.5,-,-,-,-,-,-
RECREO-WDM-CM03 ETN1,Shelf0(subrack)-17,55TTX,5(RX3/TX3 PLANO A OLT VALPARAISO 1 PE1-RECREO Te 0/2/1/0),"	-7.4","	-7.5",2021-10-22 10:29:15 DST,Normal,"	-10.5","	-2.5","	-14.4","	-18.4",0.5,"	-0.5","	-18.4",0.5,-,-,"	-3.1",/,/,/,"	-7.0",0.0,-,-,-,-,-,-
RECREO-WDM-CM03 ETN1,Shelf0(subrack)-17,55TTX,6(RX4/TX4),"	-60.0","	-4.3",2021-10-22 10:29:15 DST,Critical Alert,"	-7.3",0.7,"	-14.4","	-18.4",0.5,"	-0.5","	-18.4",0.5,-,-,"	-2.7",/,/,/,"	-7.0",0.0,-,-,-,-,-,-
RECREO-WDM-CM03 ETN1,Shelf0(subrack)-17,55TTX,7(RX5/TX5 PB OLT REÑACA),"	-3.7","	-3.6",2021-10-22 10:29:15 DST,Normal,"	-6.6",1.4,"	-12.6","	-16.6",0.5,"	-0.5","	-16.6",0.5,-,-,"	-2.8",/,/,/,"	-9.2",1.5,-,-,-,-,-,-
RECREO-WDM-CM03 ETN1,Shelf0(subrack)-17,55TTX,8(RX6/TX6 PA1 PE RAN QUILPUE PCS - P1 CORE RECREO TE0/0/0/4),"	-7.7","	-7.7",2021-10-22 10:29:15 DST,Normal,"	-10.7","	-2.7","	-12.6","	-16.6",0.5,"	-0.5","	-16.6",0.5,-,-,"	-3.3",/,/,/,"	-9.2",1.5,-,-,-,-,-,-
RECREO-WDM-CM03 ETN1,Shelf0(subrack)-17,55TTX,9(RX7/TX7 PA PE RAN VILLA ALEMANA - P1 CORE RECREO TE0/5/0/13),"	-7.6","	-7.6",2021-10-22 10:29:15 DST,Normal,"	-10.6","	-2.6","	-12.6","	-16.6",0.5,"	-0.5","	-16.6",0.5,-,-,"	-3.3",/,/,/,"	-9.2",1.5,-,-,-,-,-,-
RECREO-WDM-CM03 ETN1,Shelf0(subrack)-17,55TTX,10(RX8/TX8 A 1800 RECREO-WDM-U01 ELOM S5 IN2/OUT2),"	-8.7","	-8.8",2021-10-22 10:29:15 DST,Normal,"	-11.8","	-3.8","	-12.6","	-16.6",0.5,"	-0.5","	-16.6",0.5,-,-,"	-3.4",/,/,/,"	-9.2",1.5,-,-,-,-,-,-
RECREO-WDM-CM03 ETN1,Shelf0(subrack)-17,55TTX,11(RX9/TX9 PA OLT CURAUMA A PE COM),"	-5.6","	-5.4",2021-10-22 10:29:15 DST,Normal,"	-8.4","	-0.4","	-12.6","	-16.6",0.5,"	-0.5","	-16.6",0.5,-,-,"	-3.4",/,/,/,"	-9.2",1.5,-,-,-,-,-,-
RECREO-WDM-CM03 ETN1,Shelf0(subrack)-17,55TTX,12(RX10/TX10 PB PE1-RECREO Te 0/2/0/3  TO  OLT V-ALEMANA),"	-60.0",/,/,/,/,/,"	-12.6","	-16.6",0.5,"	-0.5","	-16.6",0.5,-,-,"	-4.1",/,/,/,"	-9.2",1.5,-,-,-,-,-,-
RECREO-WDM-CM03 ETN1,Shelf0(subrack)-18,58NS4,1(IN/OUT HACIA VALPARAISO),/,/,/,/,/,/,"	-16.0","	-21.0","	-2.0","	-2.0","	-21.0","	-2.0",-,-,/,/,/,/,"	-6.0",0.0,-,-,"	-17.0","	-2.0",-,-
QLLTAPCS-WDM-CM03 ETN1,Shelf0(subrack)-1,58NS4,1(IN/OUT A LAS VEGAS),/,/,/,/,/,/,"	-16.0","	-21.0","	-2.0","	-2.0","	-21.0","	-2.0",-,-,/,/,/,/,"	-6.0",0.0,-,-,"	-17.0","	-2.0",-,-
QLLTAPCS-WDM-CM03 ETN1,Shelf0(subrack)-2,53TDX(STND),3(RX1/TX1 PB1 OLT CURAUMA -- 9800 QLLTAPCS-WDM-CM05 ETN2 S11 P1),"	-5.7",/,/,/,/,/,"	-14.4","	-18.4",0.5,"	-0.5","	-18.4",0.5,-,-,"	-2.6",/,/,/,"	-7.0",0.0,-,-,-,-,-,-
QLLTAPCS-WDM-CM03 ETN1,Shelf0(subrack)-2,53TDX(STND),4(RX2/TX2 PB2 OLT CURAUMA -- 9800 QLLTAPCS-WDM-CM05 ETN2 S11 P2),"	-5.1",/,/,/,/,/,"	-14.4","	-18.4",0.5,"	-0.5","	-18.4",0.5,-,-,"	-2.8",/,/,/,"	-7.0",0.0,-,-,-,-,-,-
QLLTAPCS-WDM-CM03 ETN1,Shelf0(subrack)-16,53TDX(STND),3(RX1/TX1 PA2 PE-RAN-8KM14-HIGUERAS),/,/,/,/,/,/,"	-14.4","	-18.4",0.5,"	-0.5","	-18.4",0.5,-,-,/,/,/,/,"	-7.0",0.0,-,-,-,-,-,-
QLLTAPCS-WDM-CM03 ETN1,Shelf0(subrack)-16,53TDX(STND),4(RX2/TX2 RESERVADO PE RAN),/,/,/,/,/,/,/,/,/,/,/,/,-,-,/,/,/,/,/,/,-,-,-,-,-,-
QLLTAPCS-WDM-CM03 ETN1,Shelf0(subrack)-17,53TDX(STND),3(RX1/TX1 PA1 PE-RAN-8KM14-VENTANAS),/,/,/,/,/,/,"	-14.4","	-18.4",0.5,"	-0.5","	-18.4",0.5,-,-,/,/,/,/,"	-7.0",0.0,-,-,-,-,-,-
QLLTAPCS-WDM-CM03 ETN1,Shelf0(subrack)-17,53TDX(STND),4(RX2/TX2 PA1 PE-RAN-8KM14-HIGUERAS),"	-5.5",/,/,/,/,/,"	-14.4","	-18.4",0.5,"	-0.5","	-18.4",0.5,-,-,"	-2.4",/,/,/,"	-7.0",0.0,-,-,-,-,-,-
QLLTAPCS-WDM-CM03 ETN1,Shelf0(subrack)-18,58NS4,1(IN/OUT A VILLA ALEMANA),/,"	-5.8",2021-02-16 05:16:22 DST,/,"	-8.8","	-0.8","	-16.0","	-21.0","	-2.0","	-2.0","	-21.0","	-2.0",-,-,/,/,/,/,"	-6.0",0.0,-,-,"	-17.0","	-2.0",-,-
VALPO-WDM-CM03 OTN1,Shelf0(To Nueva 13 Norte)-3,12M40,1(OUT),-,-,-,-,-,-,-,-,-,-,-,-,-,-,/,/,/,/,-,-,-,-,-,-,-,-
VALPO-WDM-CM03 OTN1,Shelf0(To Nueva 13 Norte)-6,11AST2,1(RM1/TM1 A Norte 13),/,"	-11.0",2020-01-21 13:37:19 DST,/,/,/,/,/,/,/,/,/,-,-,/,/,/,/,/,/,-,-,-,-,-,-
VALPO-WDM-CM03 OTN1,Shelf0(To Nueva 13 Norte)-6,11AST2,2(RM2/TM2 A Recreo),/,"	-11.8",2020-01-21 13:37:19 DST,/,/,/,/,/,/,/,/,/,-,-,/,/,/,/,/,/,-,-,-,-,-,-
VALPO-WDM-CM03 OTN1,Shelf0(To Nueva 13 Norte)-7,15WSMD9,1(IN/OUT),/,/,/,/,/,/,/,-,-,/,-,-,-,-,/,/,/,/,-,-,-,-,-,-,-,-
VALPO-WDM-CM03 OTN1,Shelf0(To Nueva 13 Norte)-13,13OAU1,1(IN),/,/,/,/,/,/,/,/,/,/,/,/,-,-,-,-,-,-,-,-,-,-,-,-,-,-
VALPO-WDM-CM03 OTN1,Shelf0(To Nueva 13 Norte)-13,13OAU1,2(PAOUT),-,-,-,-,-,-,-,-,-,-,-,-,-,-,/,/,/,/,-,-,-,-,-,-,-,-
VALPO-WDM-CM03 OTN1,Shelf0(To Nueva 13 Norte)-13,13OAU1,3(BAIN),/,/,/,/,-,-,/,/,/,/,/,/,-,-,-,-,-,-,-,-,-,-,-,-,-,-
VALPO-WDM-CM03 OTN1,Shelf0(To Nueva 13 Norte)-13,13OAU1,4(OUT),-,-,-,-,-,-,-,-,-,-,-,-,-,-,/,/,/,/,-,-,-,-,-,-,-,-
VALPO-WDM-CM03 OTN1,Shelf0(To Nueva 13 Norte)-14,13OBU1,1(IN),/,/,/,/,/,/,/,-,-,/,-,-,-,-,-,-,-,-,-,-,-,-,-,-,-,-
VALPO-WDM-CM03 OTN1,Shelf0(To Nueva 13 Norte)-14,13OBU1,2(OUT),-,-,-,-,-,-,-,-,-,-,-,-,-,-,/,/,/,/,-,-,-,-,-,-,-,-
VALPO-WDM-CM03 OTN1,Shelf0(To Nueva 13 Norte)-15,12D40,1(IN),/,/,/,/,/,/,/,-,-,/,-,-,-,-,-,-,-,-,-,-,-,-,-,-,-,-
VALPO-WDM-CM03 OTN1,Shelf1(To Recreo)-2,15WSMD9,1(IN/OUT),/,/,/,/,/,/,/,-,-,/,-,-,-,-,/,/,/,/,-,-,-,-,-,-,-,-
VALPO-WDM-CM03 OTN1,Shelf1(To Recreo)-16,13OAU1,1(IN),/,/,/,/,/,/,/,/,/,/,/,/,-,-,-,-,-,-,-,-,-,-,-,-,-,-
VALPO-WDM-CM03 OTN1,Shelf1(To Recreo)-16,13OAU1,2(PAOUT),-,-,-,-,-,-,-,-,-,-,-,-,-,-,/,/,/,/,-,-,-,-,-,-,-,-
VALPO-WDM-CM03 OTN1,Shelf1(To Recreo)-16,13OAU1,3(BAIN),/,/,/,/,-,-,/,/,/,/,/,/,-,-,-,-,-,-,-,-,-,-,-,-,-,-
VALPO-WDM-CM03 OTN1,Shelf1(To Recreo)-16,13OAU1,4(OUT),-,-,-,-,-,-,-,-,-,-,-,-,-,-,/,/,/,/,-,-,-,-,-,-,-,-
VALPO-WDM-CM03 OTN1,Shelf2(Dimension Local)-1,12M40,1(OUT),-,-,-,-,-,-,-,-,-,-,-,-,-,-,/,/,/,/,-,-,-,-,-,-,-,-
VALPO-WDM-CM03 OTN1,Shelf2(Dimension Local)-3,13OBU1,1(IN),/,/,/,/,/,/,/,-,-,/,-,-,-,-,-,-,-,-,-,-,-,-,-,-,-,-
VALPO-WDM-CM03 OTN1,Shelf2(Dimension Local)-3,13OBU1,2(OUT),-,-,-,-,-,-,-,-,-,-,-,-,-,-,/,/,/,/,-,-,-,-,-,-,-,-
VALPO-WDM-CM03 OTN1,Shelf2(Dimension Local)-4,15WSMD9,1(IN/OUT),/,/,/,/,/,/,/,-,-,/,-,-,-,-,/,/,/,/,-,-,-,-,-,-,-,-
VALPO-WDM-CM03 OTN1,Shelf2(Dimension Local)-14,13OBU1,1(IN),/,/,/,/,/,/,/,-,-,/,-,-,-,-,-,-,-,-,-,-,-,-,-,-,-,-
VALPO-WDM-CM03 OTN1,Shelf2(Dimension Local)-14,13OBU1,2(OUT),-,-,-,-,-,-,-,-,-,-,-,-,-,-,/,/,/,/,-,-,-,-,-,-,-,-
VALPO-WDM-CM03 OTN1,Shelf2(Dimension Local)-15,12D40,1(IN),/,/,/,/,/,/,/,-,-,/,-,-,-,-,-,-,-,-,-,-,-,-,-,-,-,-
VALPO-WDM-CM03 ENT1,Shelf0(subrack)-1,58NS4,1(IN/OUT HACIA RECREO),"	-5.9",/,/,/,/,/,"	-16.0","	-21.0","	-2.0","	-2.0","	-21.0","	-2.0",-,-,"	-2.8",/,/,/,"	-6.0",0.0,-,-,"	-17.0","	-2.0",-,-
VALPO-WDM-CM03 ENT1,Shelf0(subrack)-2,55TTX,3(RX1/TX1),/,/,/,/,/,/,"	-14.4","	-18.4",0.5,"	-0.5","	-18.4",0.5,-,-,/,/,/,/,"	-7.0",0.0,-,-,-,-,-,-
VALPO-WDM-CM03 ENT1,Shelf0(subrack)-2,55TTX,4(RX2/TX2),/,/,/,/,/,/,/,/,/,/,/,/,-,-,/,/,/,/,/,/,-,-,-,-,-,-
VALPO-WDM-CM03 ENT1,Shelf0(subrack)-2,55TTX,5(RX3/TX3 PLANO A OLT-VALPARAISO-1 0/17/1 BE54),"	-5.6","	-5.7",2022-04-19 18:05:45,Normal,"	-8.7","	-0.7","	-12.6","	-16.6",0.5,"	-0.5","	-16.6",0.5,-,-,"	-3.3",/,/,/,"	-9.2",1.5,-,-,-,-,-,-
VALPO-WDM-CM03 ENT1,Shelf0(subrack)-2,55TTX,6(RX4/TX4),/,"	-6.3",2022-04-19 18:05:45,/,"	-9.3","	-1.3","	-14.4","	-18.4",0.5,"	-0.5","	-18.4",0.5,-,-,/,/,/,/,"	-7.0",0.0,-,-,-,-,-,-
VALPO-WDM-CM03 ENT1,Shelf0(subrack)-2,55TTX,7(RX5/TX5 PB1 OLT NVA 13 NORTE),/,/,/,/,/,/,"	-14.4","	-18.4",0.5,"	-0.5","	-18.4",0.5,-,-,/,/,/,/,"	-7.0",0.0,-,-,-,-,-,-
VALPO-WDM-CM03 ENT1,Shelf0(subrack)-2,55TTX,8(RX6/TX6 PB2 OLT NVA 13 NORTE),/,/,/,/,/,/,/,/,/,/,/,/,-,-,/,/,/,/,/,/,-,-,-,-,-,-
VALPO-WDM-CM03 ENT1,Shelf0(subrack)-2,55TTX,9(RX7/TX7),/,/,/,/,/,/,/,/,/,/,/,/,-,-,/,/,/,/,/,/,-,-,-,-,-,-
VALPO-WDM-CM03 ENT1,Shelf0(subrack)-2,55TTX,10(RX8/TX8 PA2 OLT CURAUMA -- OSN 1800 VALPO-WDM-R02 S2 LDX P2),"	-6.3","	-6.4",2022-04-19 18:05:45,Normal,"	-9.4","	-1.4","	-14.4","	-18.4",0.5,"	-0.5","	-18.4",0.5,-,-,"	-3.4",/,/,/,"	-7.0",0.0,-,-,-,-,-,-
VALPO-WDM-CM03 ENT1,Shelf0(subrack)-2,55TTX,11(RX9/TX9 PA1 OLT CURAUMA -- OSN 1800 VALPO-WDM-R02 S2 LDX P1),"	-6.5","	-6.6",2022-04-19 18:05:45,Normal,"	-9.6","	-1.6","	-14.4","	-18.4",0.5,"	-0.5","	-18.4",0.5,-,-,"	-3.3",/,/,/,"	-7.0",0.0,-,-,-,-,-,-
VALPO-WDM-CM03 ENT1,Shelf0(subrack)-2,55TTX,12(RX10/TX10 RESERVA ATN CURAUMA 5G),"	-6.3","	-6.3",2022-04-19 18:05:45,Normal,"	-9.3","	-1.3","	-14.4","	-18.4",0.5,"	-0.5","	-18.4",0.5,-,-,"	-3.7",/,/,/,"	-7.0",0.0,-,-,-,-,-,-
VALPO-WDM-CM03 ENT1,Shelf0(subrack)-3,54TOA(STND),3(RX1/TX1 PB1 PE RAN VILLA ALEMANA --- P2 CORE VALPO GE 0/1/2/2),"	-8.8",/,/,/,/,/,"	-20.0","	-24.0","	-3.0","	-4.0","	-24.0","	-3.0",-,-,"	-6.0",/,/,/,"	-10.0","	-2.0",-,-,-,-,-,-
VALPO-WDM-CM03 ENT1,Shelf0(subrack)-3,54TOA(STND),4(RX2/TX2 PB2 PE RAN VILLA ALEMANA --- P2 CORE VALPO GE 0/1/2/3),"	-8.1",/,/,/,/,/,"	-20.0","	-24.0","	-3.0","	-4.0","	-24.0","	-3.0",-,-,"	-5.9",/,/,/,"	-10.0","	-2.0",-,-,-,-,-,-
VALPO-WDM-CM03 ENT1,Shelf0(subrack)-3,54TOA(STND),5(RX3/TX3 PB3 PE RAN VILLA ALEMANA --- P2 CORE VALPO GE 0/1/2/4),"	-9.2",/,/,/,/,/,"	-20.0","	-24.0","	-3.0","	-4.0","	-24.0","	-3.0",-,-,"	-5.9",/,/,/,"	-10.0","	-2.0",-,-,-,-,-,-
VALPO-WDM-CM03 ENT1,Shelf0(subrack)-3,54TOA(STND),6(RX4/TX4 PB4 PE RAN VILLA ALEMANA --- P2 CORE VALPO GE 0/1/4/3),"	-8.9",/,/,/,/,/,"	-20.0","	-24.0","	-3.0","	-4.0","	-24.0","	-3.0",-,-,"	-5.9",/,/,/,"	-10.0","	-2.0",-,-,-,-,-,-
VALPO-WDM-CM03 ENT1,Shelf0(subrack)-3,54TOA(STND),7(RX5/TX5),/,/,/,/,/,/,"	-20.0","	-24.0","	-3.0","	-4.0","	-24.0","	-3.0",-,-,/,/,/,/,"	-10.0","	-2.0",-,-,-,-,-,-
VALPO-WDM-CM03 ENT1,Shelf0(subrack)-3,54TOA(STND),8(RX6/TX6),/,/,/,/,/,/,"	-20.0","	-24.0","	-3.0","	-4.0","	-24.0","	-3.0",-,-,/,/,/,/,"	-10.0","	-2.0",-,-,-,-,-,-
VALPO-WDM-CM03 ENT1,Shelf0(subrack)-3,54TOA(STND),9(RX7/TX7),/,/,/,/,/,/,"	-20.0","	-24.0","	-3.0","	-4.0","	-24.0","	-3.0",-,-,/,/,/,/,"	-10.0","	-2.0",-,-,-,-,-,-
VALPO-WDM-CM03 ENT1,Shelf0(subrack)-3,54TOA(STND),10(RX8/TX8),/,/,/,/,/,/,"	-20.0","	-24.0","	-3.0","	-4.0","	-24.0","	-3.0",-,-,/,/,/,/,"	-10.0","	-2.0",-,-,-,-,-,-
VALPO-WDM-CM03 ENT1,Shelf0(subrack)-14,54TOA(STND),3(RX1/TX1 PA5 PE RAN QUILPUE PCS PE1 PCS VALPO 2/10),"	-7.8","	-7.8",2020-05-29 01:26:57,Normal,"	-10.8","	-2.8","	-20.0","	-24.0","	-3.0","	-4.0","	-24.0","	-3.0",-,-,"	-6.0",/,/,/,"	-10.0","	-2.0",-,-,-,-,-,-
VALPO-WDM-CM03 ENT1,Shelf0(subrack)-14,54TOA(STND),4(RX2/TX2 PA6 PE RAN QUILPUE PCS PE1 PCS VALPO 2/9),"	-7.6","	-7.5",2020-05-29 01:26:57,Normal,"	-10.5","	-2.5","	-20.0","	-24.0","	-3.0","	-4.0","	-24.0","	-3.0",-,-,"	-6.3",/,/,/,"	-10.0","	-2.0",-,-,-,-,-,-
VALPO-WDM-CM03 ENT1,Shelf0(subrack)-14,54TOA(STND),5(RX3/TX3 PA7 PE RAN QUILPUE PCS PE1 PCS VALPO 2/8),"	-7.8","	-7.8",2020-05-29 01:16:05,Normal,"	-10.8","	-2.8","	-20.0","	-24.0","	-3.0","	-4.0","	-24.0","	-3.0",-,-,"	-6.1",/,/,/,"	-10.0","	-2.0",-,-,-,-,-,-
VALPO-WDM-CM03 ENT1,Shelf0(subrack)-14,54TOA(STND),6(RX4/TX4 PA8 PE RAN QUILPUE PCS PE1 PCS VALPO 2/7),"	-7.5","	-7.7",2020-05-29 01:17:12,Normal,"	-10.7","	-2.7","	-20.0","	-24.0","	-3.0","	-4.0","	-24.0","	-3.0",-,-,"	-6.1",/,/,/,"	-10.0","	-2.0",-,-,-,-,-,-
VALPO-WDM-CM03 ENT1,Shelf0(subrack)-14,54TOA(STND),7(RX5/TX5 PB5 PE RAN VILLA ALEMANA --- P2 CORE VALPO GE 0/1/4/4),"	-9.4","	-9.6",2021-03-03 02:35:11 DST,Normal,"	-11.1","	-3.1","	-20.0","	-24.0","	-3.0","	-4.0","	-24.0","	-3.0",-,-,"	-6.3",/,/,/,"	-10.0","	-2.0",-,-,-,-,-,-
VALPO-WDM-CM03 ENT1,Shelf0(subrack)-14,54TOA(STND),8(RX6/TX6 PB6 PE RAN VILLA ALEMANA --- P2 CORE VALPO GE 0/1/4/5),"	-8.2","	-8.4",2021-03-03 02:35:11 DST,Normal,"	-10.1","	-2.1","	-20.0","	-24.0","	-3.0","	-4.0","	-24.0","	-3.0",-,-,"	-6.0",/,/,/,"	-10.0","	-2.0",-,-,-,-,-,-
VALPO-WDM-CM03 ENT1,Shelf0(subrack)-14,54TOA(STND),9(RX7/TX7 PB7 PE RAN VILLA ALEMANA --- P2 CORE VALPO GE 0/1/4/6),"	-8.0","	-7.8",2020-05-29 01:17:12,Normal,"	-10.8","	-2.8","	-20.0","	-24.0","	-3.0","	-4.0","	-24.0","	-3.0",-,-,"	-6.3",/,/,/,"	-10.0","	-2.0",-,-,-,-,-,-
VALPO-WDM-CM03 ENT1,Shelf0(subrack)-14,54TOA(STND),10(RX8/TX8 PB8 PE RAN VILLA ALEMANA --- P2 CORE VALPO GE 0/1/4/7),"	-7.7","	-7.5",2020-05-29 01:17:12,Normal,"	-10.5","	-2.5","	-20.0","	-24.0","	-3.0","	-4.0","	-24.0","	-3.0",-,-,"	-6.1",/,/,/,"	-10.0","	-2.0",-,-,-,-,-,-
VALPO-WDM-CM03 ENT1,Shelf0(subrack)-15,54TOA(STND),3(RX1/TX1 PB1 PE RAN AGUA SANTA - P2 CORE CRS VALPO GE 0/0/1/3),"	-8.2",/,/,/,/,/,"	-20.0","	-24.0","	-3.0","	-4.0","	-24.0","	-3.0",-,-,"	-6.5",/,/,/,"	-10.0","	-2.0",-,-,-,-,-,-
VALPO-WDM-CM03 ENT1,Shelf0(subrack)-15,54TOA(STND),4(RX2/TX2 PB2 PE RAN AGUA SANTA - P2 CORE CRS VALPO GE 0/1/1/3),"	-8.8",/,/,/,/,/,"	-20.0","	-24.0","	-3.0","	-4.0","	-24.0","	-3.0",-,-,"	-5.7",/,/,/,"	-10.0","	-2.0",-,-,-,-,-,-
VALPO-WDM-CM03 ENT1,Shelf0(subrack)-15,54TOA(STND),5(RX3/TX3 PB3 PE RAN AGUA SANTA - P2 CORE CRS VALPO GE 0/1/3/5),"	-7.1",/,/,/,/,/,"	-20.0","	-24.0","	-3.0","	-4.0","	-24.0","	-3.0",-,-,"	-6.5",/,/,/,"	-10.0","	-2.0",-,-,-,-,-,-
VALPO-WDM-CM03 ENT1,Shelf0(subrack)-15,54TOA(STND),6(RX4/TX4 PB4 PE RAN AGUA SANTA - P2 CORE CRS VALPO GE 0/1/3/6),"	-7.7",/,/,/,/,/,"	-20.0","	-24.0","	-3.0","	-4.0","	-24.0","	-3.0",-,-,"	-6.2",/,/,/,"	-10.0","	-2.0",-,-,-,-,-,-
VALPO-WDM-CM03 ENT1,Shelf0(subrack)-15,54TOA(STND),7(RX5/TX5 PB1 PE RAN ACHUPALLAS - P2 CORE CRS VALPO GE 0/1/2/5),"	-8.3",/,/,/,/,/,"	-20.0","	-24.0","	-3.0","	-4.0","	-24.0","	-3.0",-,-,"	-6.2",/,/,/,"	-10.0","	-2.0",-,-,-,-,-,-
VALPO-WDM-CM03 ENT1,Shelf0(subrack)-15,54TOA(STND),8(RX6/TX6 PB2 PE RAN ACHUPALLAS - P2 CORE CRS VALPO GE 0/1/2/6),"	-7.2",/,/,/,/,/,"	-20.0","	-24.0","	-3.0","	-4.0","	-24.0","	-3.0",-,-,"	-6.2",/,/,/,"	-10.0","	-2.0",-,-,-,-,-,-
VALPO-WDM-CM03 ENT1,Shelf0(subrack)-15,54TOA(STND),9(RX7/TX7 PB3 PE RAN ACHUPALLAS - P2 CORE CRS VALPO GE 0/0/1/2),"	-8.5",/,/,/,/,/,"	-20.0","	-24.0","	-3.0","	-4.0","	-24.0","	-3.0",-,-,"	-6.5",/,/,/,"	-10.0","	-2.0",-,-,-,-,-,-
VALPO-WDM-CM03 ENT1,Shelf0(subrack)-15,54TOA(STND),10(RX8/TX8 PB4 PE RAN ACHUPALLAS - P2 CORE CRS VALPO GE 0/0/2/6),"	-10.3",/,/,/,/,/,"	-20.0","	-24.0","	-3.0","	-4.0","	-24.0","	-3.0",-,-,"	-5.8",/,/,/,"	-10.0","	-2.0",-,-,-,-,-,-
VALPO-WDM-CM03 ENT1,Shelf0(subrack)-16,58NS4,1(IN/OUT HACIA NUEVA 13 NORTE ANILLO CORTO),"	-4.5",/,/,/,/,/,"	-16.0","	-21.0","	-2.0","	-2.0","	-21.0","	-2.0",-,-,"	-2.8",/,/,/,"	-6.0",0.0,-,-,"	-17.0","	-2.0",-,-
VALPO-WDM-CM03 ENT1,Shelf0(subrack)-17,55TTX,3(RX1/TX1),/,/,/,/,/,/,"	-12.6","	-16.6",0.5,"	-0.5","	-16.6",0.5,-,-,/,/,/,/,"	-9.2",1.5,-,-,-,-,-,-
VALPO-WDM-CM03 ENT1,Shelf0(subrack)-17,55TTX,4(RX2/TX2 PB PE RAN VENTANAS),/,/,/,/,/,/,/,/,/,/,/,/,-,-,/,/,/,/,/,/,-,-,-,-,-,-
VALPO-WDM-CM03 ENT1,Shelf0(subrack)-17,55TTX,5(RX3/TX3 PLANO B OLT-VALPARAISO-1 0/18/1 BE54),"	-6.1","	-5.7",2021-10-22 10:34:07 DST,Normal,"	-8.7","	-0.7","	-12.6","	-16.6",0.5,"	-0.5","	-16.6",0.5,-,-,"	-3.4",/,/,/,"	-9.2",1.5,-,-,-,-,-,-
VALPO-WDM-CM03 ENT1,Shelf0(subrack)-17,55TTX,6(RX4/TX4 PB PE RAN ACHUPALLAS - P2 CORE VALPO TE 0/5/0/9),"	-6.4","	-6.4",2021-10-22 10:34:07 DST,Normal,"	-9.4","	-1.4","	-14.4","	-18.4",0.5,"	-0.5","	-18.4",0.5,-,-,"	-3.4",/,/,/,"	-7.0",0.0,-,-,-,-,-,-
VALPO-WDM-CM03 ENT1,Shelf0(subrack)-17,55TTX,7(RX5/TX5 PB1 PE RAN AGUA SANTA PCS P2-CORE CRS VALPO Te 0/5/0/12),"	-6.5",/,/,/,/,/,"	-14.4","	-18.4",0.5,"	-0.5","	-18.4",0.5,-,-,"	-3.4",/,/,/,"	-7.0",0.0,-,-,-,-,-,-
VALPO-WDM-CM03 ENT1,Shelf0(subrack)-17,55TTX,8(RX6/TX6 PB2 PE RAN AGUA SANTA PCS P2-CORE CRS VALPO Te 0/5/0/13),"	-6.3",/,/,/,/,/,"	-14.4","	-18.4",0.5,"	-0.5","	-18.4",0.5,-,-,"	-3.4",/,/,/,"	-7.0",0.0,-,-,-,-,-,-
VALPO-WDM-CM03 ENT1,Shelf0(subrack)-17,55TTX,9(RX7/TX7 PB1 PE RAN QUILPUE PCS - P2 CORE VALPO TE 0/0/0/4),"	-6.9","	-7.0",2021-10-22 01:05:09 DST,Normal,"	-10.0","	-2.0","	-14.4","	-18.4",0.5,"	-0.5","	-18.4",0.5,-,-,"	-3.5",/,/,/,"	-7.0",0.0,-,-,-,-,-,-
VALPO-WDM-CM03 ENT1,Shelf0(subrack)-17,55TTX,10(RX8/TX8 PB2 PE RAN QUILPUE PCS - P2 CORE VALPO TE 0/0/0/5),"	-5.7","	-5.8",2021-10-22 01:05:09 DST,Normal,"	-8.8","	-0.8","	-14.4","	-18.4",0.5,"	-0.5","	-18.4",0.5,-,-,"	-3.3",/,/,/,"	-7.0",0.0,-,-,-,-,-,-
VALPO-WDM-CM03 ENT1,Shelf0(subrack)-17,55TTX,11(RX9/TX9 PB1 NUEVO PE RAN DE HIGUERAS),/,/,/,/,/,/,/,/,/,/,/,/,-,-,/,/,/,/,/,/,-,-,-,-,-,-
VALPO-WDM-CM03 ENT1,Shelf0(subrack)-17,55TTX,12(RX10/TX10 PB2 NUEVO PE RAN DE HIGUERAS),/,/,/,/,/,/,/,/,/,/,/,/,-,-,/,/,/,/,/,/,-,-,-,-,-,-
VALPO-WDM-CM03 ENT1,Shelf0(subrack)-18,58NS4,1(IN/OUT HACIA NUEVA 13 NORTE),"	-3.6",/,/,/,/,/,"	-16.0","	-21.0","	-2.0","	-2.0","	-21.0","	-2.0",-,-,"	-2.6",/,/,/,"	-6.0",0.0,-,-,"	-17.0","	-2.0",-,-
NVA13NORTE-WDM-CM03 OTN1,Shelf0(To Valpo)-3,12M40,1(OUT),-,-,-,-,-,-,-,-,-,-,-,-,-,-,"	-4.2",/,/,/,-,-,-,-,-,-,-,-
NVA13NORTE-WDM-CM03 OTN1,Shelf0(To Valpo)-6,11AST2,1(RM1/TM1 A Achupallas (Atenuador 7dB)),"	-11.8",/,/,/,/,/,"	-41.8","	-45.8","	-9.0","	-10.0","	-45.8","	-9.0",-,-,2.6,/,/,/,0.5,5.0,-,-,-,-,-,-
NVA13NORTE-WDM-CM03 OTN1,Shelf0(To Valpo)-6,11AST2,2(RM2/TM2 A Valparaiso (Atenuador 7dB)),"	-12.7",/,/,/,/,/,"	-42.3","	-46.3","	-9.0","	-10.0","	-46.3","	-9.0",-,-,2.3,/,/,/,0.6,5.0,-,-,-,-,-,-
NVA13NORTE-WDM-CM03 OTN1,Shelf0(To Valpo)-7,15WSMD9,1(IN/OUT),7.7,/,/,/,/,/,"	-25.0",-,-,24.0,-,-,-,-,"	-9.5",/,/,/,-,-,-,-,-,-,-,-
NVA13NORTE-WDM-CM03 OTN1,Shelf0(To Valpo)-13,13OAU1,1(IN),"	-19.0",/,/,/,/,/,"	-32.0","	-60.0",0.0,3.0,"	-60.0",7.0,-,-,-,-,-,-,-,-,-,-,-,-,-,-
NVA13NORTE-WDM-CM03 OTN1,Shelf0(To Valpo)-13,13OAU1,2(PAOUT),-,-,-,-,-,-,-,-,-,-,-,-,-,-,"	-1.9",/,/,/,-,-,-,-,-,-,-,-
NVA13NORTE-WDM-CM03 OTN1,Shelf0(To Valpo)-13,13OAU1,3(BAIN),"	-7.2",/,/,/,-,-,"	-32.0","	-60.0",0.0,/,/,/,-,-,-,-,-,-,-,-,-,-,-,-,-,-
NVA13NORTE-WDM-CM03 OTN1,Shelf0(To Valpo)-13,13OAU1,4(OUT),-,-,-,-,-,-,-,-,-,-,-,-,-,-,7.8,/,/,/,-,-,-,-,-,-,-,-
NVA13NORTE-WDM-CM03 OTN1,Shelf0(To Valpo)-14,13OBU1,1(IN),"	-19.2",/,/,/,/,/,"	-32.0",-,-,"	-0.2",-,-,-,-,-,-,-,-,-,-,-,-,-,-,-,-
NVA13NORTE-WDM-CM03 OTN1,Shelf0(To Valpo)-14,13OBU1,2(OUT),-,-,-,-,-,-,-,-,-,-,-,-,-,-,4.4,/,/,/,-,-,-,-,-,-,-,-
NVA13NORTE-WDM-CM03 OTN1,Shelf0(To Valpo)-15,12D40,1(IN),4.2,/,/,/,/,/,"	-25.0",-,-,22.0,-,-,-,-,-,-,-,-,-,-,-,-,-,-,-,-
NVA13NORTE-WDM-CM03 OTN1,Shelf1(To Achupallas)-1,12M40,1(OUT),-,-,-,-,-,-,-,-,-,-,-,-,-,-,"	-4.7",/,/,/,-,-,-,-,-,-,-,-
NVA13NORTE-WDM-CM03 OTN1,Shelf1(To Achupallas)-4,15WSMD9,1(IN/OUT),6.7,/,/,/,/,/,"	-25.0",-,-,24.0,-,-,-,-,"	-14.0",/,/,/,-,-,-,-,-,-,-,-
NVA13NORTE-WDM-CM03 OTN1,Shelf1(To Achupallas)-13,13OAU1,1(IN),"	-17.6",/,/,/,/,/,"	-32.0","	-60.0",0.0,3.0,"	-60.0",7.0,-,-,-,-,-,-,-,-,-,-,-,-,-,-
NVA13NORTE-WDM-CM03 OTN1,Shelf1(To Achupallas)-13,13OAU1,2(PAOUT),-,-,-,-,-,-,-,-,-,-,-,-,-,-,"	-2.2",/,/,/,-,-,-,-,-,-,-,-
NVA13NORTE-WDM-CM03 OTN1,Shelf1(To Achupallas)-13,13OAU1,3(BAIN),"	-10.2",/,/,/,-,-,"	-32.0","	-60.0",0.0,/,/,/,-,-,-,-,-,-,-,-,-,-,-,-,-,-
NVA13NORTE-WDM-CM03 OTN1,Shelf1(To Achupallas)-13,13OAU1,4(OUT),-,-,-,-,-,-,-,-,-,-,-,-,-,-,7.3,/,/,/,-,-,-,-,-,-,-,-
NVA13NORTE-WDM-CM03 OTN1,Shelf1(To Achupallas)-14,13OBU1,1(IN),"	-19.7",/,/,/,/,/,"	-32.0",-,-,"	-0.2",-,-,-,-,-,-,-,-,-,-,-,-,-,-,-,-
NVA13NORTE-WDM-CM03 OTN1,Shelf1(To Achupallas)-14,13OBU1,2(OUT),-,-,-,-,-,-,-,-,-,-,-,-,-,-,4.2,/,/,/,-,-,-,-,-,-,-,-
NVA13NORTE-WDM-CM03 OTN1,Shelf1(To Achupallas)-15,12D40,1(IN),4.5,/,/,/,/,/,"	-25.0",-,-,22.0,-,-,-,-,-,-,-,-,-,-,-,-,-,-,-,-
NVA13NORTE-WDM-CM03 ETN1,Shelf0(subrack)-1,58NS4,1(IN/OUT HACIA VALPARAISO),"	-5.4",/,/,/,/,/,"	-16.0","	-21.0","	-2.0","	-2.0","	-21.0","	-2.0",-,-,"	-3.1",/,/,/,"	-6.0",0.0,-,-,"	-17.0","	-2.0",-,-
NVA13NORTE-WDM-CM03 ETN1,Shelf0(subrack)-2,55TTX,3(RX1/TX1 PLANO B OLT3 NUEVA 13 NORTE XGI 0/17/0),"	-6.4",/,/,/,/,/,"	-12.6","	-16.6",0.5,"	-0.5","	-16.6",0.5,-,-,"	-3.2",/,/,/,"	-9.2",1.5,-,-,-,-,-,-
NVA13NORTE-WDM-CM03 ETN1,Shelf0(subrack)-2,55TTX,4(RX2/TX2 PLANO A OLT NUEVA ARLEGUI),"	-6.7",/,/,/,/,/,"	-12.6","	-16.6",0.5,"	-0.5","	-16.6",0.5,-,-,"	-3.2",/,/,/,"	-9.2",1.5,-,-,-,-,-,-
NVA13NORTE-WDM-CM03 ETN1,Shelf0(subrack)-2,55TTX,5(RX3/TX3 PB1 NUEVO PE RAN HIGUERAS),/,/,/,/,/,/,"	-12.6","	-16.6",0.5,"	-0.5","	-16.6",0.5,-,-,/,/,/,/,"	-9.2",1.5,-,-,-,-,-,-
NVA13NORTE-WDM-CM03 ETN1,Shelf0(subrack)-2,55TTX,6(RX4/TX4 PB2 NUEVO PE RAN HIGUERAS),/,/,/,/,/,/,"	-12.6","	-16.6",0.5,"	-0.5","	-16.6",0.5,-,-,/,/,/,/,"	-9.2",1.5,-,-,-,-,-,-
NVA13NORTE-WDM-CM03 ETN1,Shelf0(subrack)-2,55TTX,7(RX5/TX5 PB1 OLT NVA 13 NORTE),/,/,/,/,/,/,"	-12.6","	-16.6",0.5,"	-0.5","	-16.6",0.5,-,-,/,/,/,/,"	-9.2",1.5,-,-,-,-,-,-
NVA13NORTE-WDM-CM03 ETN1,Shelf0(subrack)-2,55TTX,8(RX6/TX6 PB2 OLT NVA 13 NORTE),/,/,/,/,/,/,/,/,/,/,/,/,-,-,/,/,/,/,/,/,-,-,-,-,-,-
NVA13NORTE-WDM-CM03 ETN1,Shelf0(subrack)-2,55TTX,9(RX7/TX7 PB1 PE RAN VENTANAS),/,/,/,/,/,/,/,/,/,/,/,/,-,-,/,/,/,/,/,/,-,-,-,-,-,-
NVA13NORTE-WDM-CM03 ETN1,Shelf0(subrack)-2,55TTX,10(RX8/TX8),/,/,/,/,/,/,/,/,/,/,/,/,-,-,/,/,/,/,/,/,-,-,-,-,-,-
NVA13NORTE-WDM-CM03 ETN1,Shelf0(subrack)-2,55TTX,11(RX9/TX9),/,/,/,/,/,/,/,/,/,/,/,/,-,-,/,/,/,/,/,/,-,-,-,-,-,-
NVA13NORTE-WDM-CM03 ETN1,Shelf0(subrack)-2,55TTX,12(RX10/TX10),/,/,/,/,/,/,/,/,/,/,/,/,-,-,/,/,/,/,/,/,-,-,-,-,-,-
NVA13NORTE-WDM-CM03 ETN1,Shelf0(subrack)-3,58NS4,1(IN/OUT HACIA VALPARAISO ANILLO CORTO),"	-4.4",/,/,/,/,/,"	-16.0","	-21.0","	-2.0","	-2.0","	-21.0","	-2.0",-,-,"	-2.6",/,/,/,"	-6.0",0.0,-,-,"	-17.0","	-2.0",-,-
NVA13NORTE-WDM-CM03 ETN1,Shelf0(subrack)-16,58NS4,1(IN/OUT HACIA RECREO VIA ACHUPALLAS ANILLO CORTO),"	-4.9",/,/,/,/,/,"	-16.0","	-21.0","	-2.0","	-2.0","	-21.0","	-2.0",-,-,"	-2.8",/,/,/,"	-6.0",0.0,-,-,"	-17.0","	-2.0",-,-
NVA13NORTE-WDM-CM03 ETN1,Shelf0(subrack)-17,55TTX,3(RX1/TX1 PLANO A OLT3 NUEVA 13 NORTE XGI 0/16/0),"	-6.6",/,/,/,/,/,"	-12.6","	-16.6",0.5,"	-0.5","	-16.6",0.5,-,-,"	-3.3",/,/,/,"	-9.2",1.5,-,-,-,-,-,-
NVA13NORTE-WDM-CM03 ETN1,Shelf0(subrack)-17,55TTX,4(RX2/TX2 PLANO B OLT ARLEGUI),"	-6.0",/,/,/,/,/,"	-12.6","	-16.6",0.5,"	-0.5","	-16.6",0.5,-,-,"	-3.4",/,/,/,"	-9.2",1.5,-,-,-,-,-,-
NVA13NORTE-WDM-CM03 ETN1,Shelf0(subrack)-17,55TTX,5(RX3/TX3),/,/,/,/,/,/,"	-12.6","	-16.6",0.5,"	-0.5","	-16.6",0.5,-,-,/,/,/,/,"	-9.2",1.5,-,-,-,-,-,-
NVA13NORTE-WDM-CM03 ETN1,Shelf0(subrack)-17,55TTX,6(RX4/TX4),/,/,/,/,/,/,"	-12.6","	-16.6",0.5,"	-0.5","	-16.6",0.5,-,-,/,/,/,/,"	-9.2",1.5,-,-,-,-,-,-
NVA13NORTE-WDM-CM03 ETN1,Shelf0(subrack)-17,55TTX,7(RX5/TX5),/,/,/,/,/,/,"	-12.6","	-16.6",0.5,"	-0.5","	-16.6",0.5,-,-,/,/,/,/,"	-9.2",1.5,-,-,-,-,-,-
NVA13NORTE-WDM-CM03 ETN1,Shelf0(subrack)-17,55TTX,8(RX6/TX6),/,/,/,/,/,/,/,/,/,/,/,/,-,-,/,/,/,/,/,/,-,-,-,-,-,-
NVA13NORTE-WDM-CM03 ETN1,Shelf0(subrack)-17,55TTX,9(RX7/TX7 PA1 OLT NVA 13 NORTE),/,/,/,/,/,/,/,/,/,/,/,/,-,-,/,/,/,/,/,/,-,-,-,-,-,-
NVA13NORTE-WDM-CM03 ETN1,Shelf0(subrack)-17,55TTX,10(RX8/TX8 PA2 OLT NVA 13 NORTE),/,/,/,/,/,/,/,/,/,/,/,/,-,-,/,/,/,/,/,/,-,-,-,-,-,-
NVA13NORTE-WDM-CM03 ETN1,Shelf0(subrack)-17,55TTX,11(RX9/TX9),/,/,/,/,/,/,/,/,/,/,/,/,-,-,/,/,/,/,/,/,-,-,-,-,-,-
NVA13NORTE-WDM-CM03 ETN1,Shelf0(subrack)-17,55TTX,12(RX10/TX10),/,/,/,/,/,/,/,/,/,/,/,/,-,-,/,/,/,/,/,/,-,-,-,-,-,-
NVA13NORTE-WDM-CM03 ETN1,Shelf0(subrack)-18,58NS4,1(IN/OUT HACIA ACHUPALLAS),"	-4.4",/,/,/,/,/,"	-16.0","	-21.0","	-2.0","	-2.0","	-21.0","	-2.0",-,-,"	-2.9",/,/,/,"	-6.0",0.0,-,-,"	-17.0","	-2.0",-,-
ACHUPALLAS-WDM-CM03 OTN1,Shelf0(To Nueva 13 Norte)-3,12M40,1(OUT),-,-,-,-,-,-,-,-,-,-,-,-,-,-,"	-7.9",/,/,/,-,-,-,-,-,-,-,-
ACHUPALLAS-WDM-CM03 OTN1,Shelf0(To Nueva 13 Norte)-6,11AST2,1(RM1/TM1 A AguaSanta (Atenuador 7dB)),"	-13.0",/,/,/,/,/,"	-35.2","	-39.2","	-9.0","	-10.0","	-39.2","	-9.0",-,-,0.6,/,/,/,"	-2.0",3.0,-,-,-,-,-,-
ACHUPALLAS-WDM-CM03 OTN1,Shelf0(To Nueva 13 Norte)-6,11AST2,2(RM2/TM2 A 13 Norte (Atenuador 10dB)),"	-12.2",/,/,/,/,/,"	-35.2","	-39.2","	-9.0","	-10.0","	-39.2","	-9.0",-,-,0.6,/,/,/,"	-2.0",3.0,-,-,-,-,-,-
ACHUPALLAS-WDM-CM03 OTN1,Shelf0(To Nueva 13 Norte)-7,15WSMD9,1(IN/OUT),7.4,/,/,/,/,/,"	-25.0",-,-,24.0,-,-,-,-,"	-13.3",/,/,/,-,-,-,-,-,-,-,-
ACHUPALLAS-WDM-CM03 OTN1,Shelf0(To Nueva 13 Norte)-13,13OAU1,1(IN),"	-16.9",/,/,/,/,/,"	-32.0","	-60.0",0.0,3.0,"	-60.0",7.0,-,-,-,-,-,-,-,-,-,-,-,-,-,-
ACHUPALLAS-WDM-CM03 OTN1,Shelf0(To Nueva 13 Norte)-13,13OAU1,2(PAOUT),-,-,-,-,-,-,-,-,-,-,-,-,-,-,"	-1.5",/,/,/,-,-,-,-,-,-,-,-
ACHUPALLAS-WDM-CM03 OTN1,Shelf0(To Nueva 13 Norte)-13,13OAU1,3(BAIN),"	-10.2",/,/,/,-,-,"	-32.0","	-60.0",0.0,/,/,/,-,-,-,-,-,-,-,-,-,-,-,-,-,-
ACHUPALLAS-WDM-CM03 OTN1,Shelf0(To Nueva 13 Norte)-13,13OAU1,4(OUT),-,-,-,-,-,-,-,-,-,-,-,-,-,-,7.5,/,/,/,-,-,-,-,-,-,-,-
ACHUPALLAS-WDM-CM03 OTN1,Shelf0(To Nueva 13 Norte)-14,13OBU1,1(IN),"	-18.6",/,/,/,/,/,"	-32.0",-,-,"	-0.2",-,-,-,-,-,-,-,-,-,-,-,-,-,-,-,-
ACHUPALLAS-WDM-CM03 OTN1,Shelf0(To Nueva 13 Norte)-14,13OBU1,2(OUT),-,-,-,-,-,-,-,-,-,-,-,-,-,-,5.2,/,/,/,-,-,-,-,-,-,-,-
ACHUPALLAS-WDM-CM03 OTN1,Shelf0(To Nueva 13 Norte)-15,12D40,1(IN),4.6,/,/,/,/,/,"	-25.0",-,-,22.0,-,-,-,-,-,-,-,-,-,-,-,-,-,-,-,-
ACHUPALLAS-WDM-CM03 OTN1,Shelf1(To Agua Santa)-1,12M40,1(OUT),-,-,-,-,-,-,-,-,-,-,-,-,-,-,"	-5.0",/,/,/,-,-,-,-,-,-,-,-
ACHUPALLAS-WDM-CM03 OTN1,Shelf1(To Agua Santa)-4,15WSMD9,1(IN/OUT),8.5,/,/,/,/,/,"	-25.0",-,-,24.0,-,-,-,-,"	-11.5",/,/,/,-,-,-,-,-,-,-,-
ACHUPALLAS-WDM-CM03 OTN1,Shelf1(To Agua Santa)-13,13OAU1,1(IN),"	-11.5",/,/,/,/,/,"	-32.0","	-60.0",0.0,3.0,"	-60.0",7.0,-,-,-,-,-,-,-,-,-,-,-,-,-,-
ACHUPALLAS-WDM-CM03 OTN1,Shelf1(To Agua Santa)-13,13OAU1,2(PAOUT),-,-,-,-,-,-,-,-,-,-,-,-,-,-,1.7,/,/,/,-,-,-,-,-,-,-,-
ACHUPALLAS-WDM-CM03 OTN1,Shelf1(To Agua Santa)-13,13OAU1,3(BAIN),"	-10.6",/,/,/,-,-,"	-32.0","	-60.0",0.0,/,/,/,-,-,-,-,-,-,-,-,-,-,-,-,-,-
ACHUPALLAS-WDM-CM03 OTN1,Shelf1(To Agua Santa)-13,13OAU1,4(OUT),-,-,-,-,-,-,-,-,-,-,-,-,-,-,8.9,/,/,/,-,-,-,-,-,-,-,-
ACHUPALLAS-WDM-CM03 OTN1,Shelf1(To Agua Santa)-14,13OBU1,1(IN),"	-17.6",/,/,/,/,/,"	-32.0",-,-,"	-0.2",-,-,-,-,-,-,-,-,-,-,-,-,-,-,-,-
ACHUPALLAS-WDM-CM03 OTN1,Shelf1(To Agua Santa)-14,13OBU1,2(OUT),-,-,-,-,-,-,-,-,-,-,-,-,-,-,5.8,/,/,/,-,-,-,-,-,-,-,-
ACHUPALLAS-WDM-CM03 OTN1,Shelf1(To Agua Santa)-15,12D40,1(IN),5.8,/,/,/,/,/,"	-25.0",-,-,22.0,-,-,-,-,-,-,-,-,-,-,-,-,-,-,-,-
ACHUPALLAS-WDM-CM03 ETN1,Shelf0(subrack)-1,58NS4,1(IN/OUT HACIA NUEVA 13 NORTE),"	-6.2",/,/,/,/,/,"	-16.0","	-21.0","	-2.0","	-2.0","	-21.0","	-2.0",-,-,"	-3.3",/,/,/,"	-6.0",0.0,-,-,"	-17.0","	-2.0",-,-
ACHUPALLAS-WDM-CM03 ETN1,Shelf0(subrack)-2,53TDX(STND),3(RX1/TX1 PB NUEVO PE RAN ACHUPALLAS TE 0/2/0),"	-5.9",/,/,/,/,/,"	-14.4","	-18.4",0.5,"	-0.5","	-18.4",0.5,-,-,"	-3.7",/,/,/,"	-7.0",0.0,-,-,-,-,-,-
ACHUPALLAS-WDM-CM03 ETN1,Shelf0(subrack)-2,53TDX(STND),4(RX2/TX2 PB OLT REÑACA),"	-3.7",/,/,/,/,/,"	-14.4","	-18.4",0.5,"	-0.5","	-18.4",0.5,-,-,"	-3.0",/,/,/,"	-7.0",0.0,-,-,-,-,-,-
ACHUPALLAS-WDM-CM03 ETN1,Shelf0(subrack)-3,54TOA(STND),3(RX1/TX1 PB1 PE RAN ACHUPALLAS GE 2/0/0),"	-7.5",/,/,/,/,/,"	-20.0","	-24.0","	-3.0","	-4.0","	-24.0","	-3.0",-,-,"	-6.2",/,/,/,"	-10.0","	-2.0",-,-,-,-,-,-
ACHUPALLAS-WDM-CM03 ETN1,Shelf0(subrack)-3,54TOA(STND),4(RX2/TX2 PB2 PE RAN ACHUPALLAS GE 2/0/1),"	-7.4",/,/,/,/,/,"	-20.0","	-24.0","	-3.0","	-4.0","	-24.0","	-3.0",-,-,"	-6.2",/,/,/,"	-10.0","	-2.0",-,-,-,-,-,-
ACHUPALLAS-WDM-CM03 ETN1,Shelf0(subrack)-3,54TOA(STND),5(RX3/TX3 PB3 PE RAN ACHUPALLAS GE 2/1/2),"	-6.9",/,/,/,/,/,"	-20.0","	-24.0","	-3.0","	-4.0","	-24.0","	-3.0",-,-,"	-6.2",/,/,/,"	-10.0","	-2.0",-,-,-,-,-,-
ACHUPALLAS-WDM-CM03 ETN1,Shelf0(subrack)-3,54TOA(STND),6(RX4/TX4 PB4 PE RAN ACHUPALLAS GE 2/1/3),"	-7.9",/,/,/,/,/,"	-20.0","	-24.0","	-3.0","	-4.0","	-24.0","	-3.0",-,-,"	-5.8",/,/,/,"	-10.0","	-2.0",-,-,-,-,-,-
ACHUPALLAS-WDM-CM03 ETN1,Shelf0(subrack)-3,54TOA(STND),7(RX5/TX5),/,/,/,/,/,/,/,/,/,/,/,/,-,-,/,/,/,/,/,/,-,-,-,-,-,-
ACHUPALLAS-WDM-CM03 ETN1,Shelf0(subrack)-3,54TOA(STND),8(RX6/TX6),/,/,/,/,/,/,/,/,/,/,/,/,-,-,/,/,/,/,/,/,-,-,-,-,-,-
ACHUPALLAS-WDM-CM03 ETN1,Shelf0(subrack)-3,54TOA(STND),9(RX7/TX7),/,/,/,/,/,/,/,/,/,/,/,/,-,-,/,/,/,/,/,/,-,-,-,-,-,-
ACHUPALLAS-WDM-CM03 ETN1,Shelf0(subrack)-3,54TOA(STND),10(RX8/TX8),/,/,/,/,/,/,/,/,/,/,/,/,-,-,/,/,/,/,/,/,-,-,-,-,-,-
ACHUPALLAS-WDM-CM03 ETN1,Shelf0(subrack)-4,58NS4,1(IN/OUT HACIA RECREO VIA AGUA SANTA PCS),"	-5.0",/,/,/,/,/,"	-16.0","	-20.0","	-2.0","	-2.0","	-20.0","	-2.0",-,-,"	-2.5",/,/,/,"	-6.0",0.0,-,-,"	-16.0","	-2.0",-,-
ACHUPALLAS-WDM-CM03 ETN1,Shelf0(subrack)-5,55TTX,3(RX1/TX1  PLANO B-SEGUNDO UPLINK - OLT CONCON 2),"	-4.3",/,/,/,/,/,"	-19.0","	-23.0",3.0,2.0,"	-23.0",3.0,-,-,"	-0.3",/,/,/,"	-2.0",6.0,-,-,-,-,-,-
ACHUPALLAS-WDM-CM03 ETN1,Shelf0(subrack)-5,55TTX,4(RX2/TX2 RESERVA OLT CONCON 2),/,/,/,/,/,/,"	-19.0","	-23.0",3.0,2.0,"	-23.0",3.0,-,-,/,/,/,/,"	-2.0",6.0,-,-,-,-,-,-
ACHUPALLAS-WDM-CM03 ETN1,Shelf0(subrack)-5,55TTX,5(RX3/TX3 RESERVA OLT REÑACA),/,/,/,/,/,/,"	-14.4","	-18.4",0.5,"	-0.5","	-18.4",0.5,-,-,/,/,/,/,"	-7.0",0.0,-,-,-,-,-,-
ACHUPALLAS-WDM-CM03 ETN1,Shelf0(subrack)-5,55TTX,6(RX4/TX4 RESERVA OLT REÑACA),/,/,/,/,/,/,"	-14.4","	-18.4",0.5,"	-0.5","	-18.4",0.5,-,-,/,/,/,/,"	-7.0",0.0,-,-,-,-,-,-
ACHUPALLAS-WDM-CM03 ETN1,Shelf0(subrack)-5,55TTX,7(RX5/TX5  RESERVA OLT PAPUDO),/,/,/,/,/,/,"	-14.4","	-18.4",0.5,"	-0.5","	-18.4",0.5,-,-,/,/,/,/,"	-7.0",0.0,-,-,-,-,-,-
ACHUPALLAS-WDM-CM03 ETN1,Shelf0(subrack)-5,55TTX,8(RX6/TX6 RESERVA OLT PAPUDO),/,/,/,/,/,/,"	-14.4","	-18.4",0.5,"	-0.5","	-18.4",0.5,-,-,/,/,/,/,"	-7.0",0.0,-,-,-,-,-,-
ACHUPALLAS-WDM-CM03 ETN1,Shelf0(subrack)-5,55TTX,9(RX7/TX7 RESERVA OLT),/,/,/,/,/,/,"	-14.4","	-18.4",0.5,"	-0.5","	-18.4",0.5,-,-,/,/,/,/,"	-7.0",0.0,-,-,-,-,-,-
ACHUPALLAS-WDM-CM03 ETN1,Shelf0(subrack)-5,55TTX,10(RX8/TX8 RESERVA OLT),/,/,/,/,/,/,"	-14.4","	-18.4",0.5,"	-0.5","	-18.4",0.5,-,-,/,/,/,/,"	-7.0",0.0,-,-,-,-,-,-
ACHUPALLAS-WDM-CM03 ETN1,Shelf0(subrack)-5,55TTX,11(RX9/TX9 RESERVA OLT),/,/,/,/,/,/,"	-14.4","	-18.4",0.5,"	-0.5","	-18.4",0.5,-,-,/,/,/,/,"	-7.0",0.0,-,-,-,-,-,-
ACHUPALLAS-WDM-CM03 ETN1,Shelf0(subrack)-5,55TTX,12(RX10/TX10 ATN CURAUMA 5G),/,/,/,/,/,/,"	-14.4","	-18.4",0.5,"	-0.5","	-18.4",0.5,-,-,/,/,/,/,"	-7.0",0.0,-,-,-,-,-,-
ACHUPALLAS-WDM-CM03 ETN1,Shelf0(subrack)-16,54TOA(STND),3(RX1/TX1 PA1 PE RAN ACHUPALLAS GE 3/0/0),"	-6.1",/,/,/,/,/,"	-20.0","	-24.0","	-3.0","	-4.0","	-24.0","	-3.0",-,-,"	-6.1",/,/,/,"	-10.0","	-2.0",-,-,-,-,-,-
ACHUPALLAS-WDM-CM03 ETN1,Shelf0(subrack)-16,54TOA(STND),4(RX2/TX2 PA2 PE RAN ACHUPALLAS GE 3/0/1),"	-5.9",/,/,/,/,/,"	-20.0","	-24.0","	-3.0","	-4.0","	-24.0","	-3.0",-,-,"	-6.3",/,/,/,"	-10.0","	-2.0",-,-,-,-,-,-
ACHUPALLAS-WDM-CM03 ETN1,Shelf0(subrack)-16,54TOA(STND),5(RX3/TX3 PA3 PE RAN ACHUPALLAS GE 3/0/3),"	-6.3",/,/,/,/,/,"	-20.0","	-24.0","	-3.0","	-4.0","	-24.0","	-3.0",-,-,"	-5.8",/,/,/,"	-10.0","	-2.0",-,-,-,-,-,-
ACHUPALLAS-WDM-CM03 ETN1,Shelf0(subrack)-16,54TOA(STND),6(RX4/TX4 PA4 PE RAN ACHUPALLAS GE 3/0/4),"	-7.5",/,/,/,/,/,"	-20.0","	-24.0","	-3.0","	-4.0","	-24.0","	-3.0",-,-,"	-5.8",/,/,/,"	-10.0","	-2.0",-,-,-,-,-,-
ACHUPALLAS-WDM-CM03 ETN1,Shelf0(subrack)-16,54TOA(STND),7(RX5/TX5),/,/,/,/,/,/,/,/,/,/,/,/,-,-,/,/,/,/,/,/,-,-,-,-,-,-
ACHUPALLAS-WDM-CM03 ETN1,Shelf0(subrack)-16,54TOA(STND),8(RX6/TX6),/,/,/,/,/,/,/,/,/,/,/,/,-,-,/,/,/,/,/,/,-,-,-,-,-,-
ACHUPALLAS-WDM-CM03 ETN1,Shelf0(subrack)-16,54TOA(STND),9(RX7/TX7),/,/,/,/,/,/,/,/,/,/,/,/,-,-,/,/,/,/,/,/,-,-,-,-,-,-
ACHUPALLAS-WDM-CM03 ETN1,Shelf0(subrack)-16,54TOA(STND),10(RX8/TX8),/,/,/,/,/,/,/,/,/,/,/,/,-,-,/,/,/,/,/,/,-,-,-,-,-,-
ACHUPALLAS-WDM-CM03 ETN1,Shelf0(subrack)-17,53TDX(STND),3(RX1/TX1 PA NUEVO PE RAN ACHUPALLAS TE 0/1/0),"	-6.2",/,/,/,/,/,"	-14.4","	-18.4",0.5,"	-0.5","	-18.4",0.5,-,-,"	-2.7",/,/,/,"	-7.0",0.0,-,-,-,-,-,-
ACHUPALLAS-WDM-CM03 ETN1,Shelf0(subrack)-17,53TDX(STND),4(RX2/TX2 RACK 10 ODF 3 FO38 y FO42 OLT CONCON 2 XGi 0/17/0),"	-9.2",/,/,/,/,/,"	-14.4","	-18.4",0.5,"	-0.5","	-18.4",0.5,-,-,"	-2.5",/,/,/,"	-7.0",0.0,-,-,-,-,-,-
ACHUPALLAS-WDM-CM03 ETN1,Shelf0(subrack)-18,58NS4,1(IN/OUT HACIA AGUASANTA),"	-4.9",/,/,/,/,/,"	-16.0","	-21.0","	-2.0","	-2.0","	-21.0","	-2.0",-,-,"	-2.8",/,/,/,"	-6.0",0.0,-,-,"	-17.0","	-2.0",-,-
AGUASTAPCS-WDM-CM03 OTN1,Shelf0(To Quilpue)-3,13OAU1,1(IN),"	-13.3",/,/,/,/,/,"	-32.0","	-60.0",0.0,3.0,"	-60.0",7.0,-,-,-,-,-,-,-,-,-,-,-,-,-,-
AGUASTAPCS-WDM-CM03 OTN1,Shelf0(To Quilpue)-3,13OAU1,2(PAOUT),-,-,-,-,-,-,-,-,-,-,-,-,-,-,0.0,/,/,/,-,-,-,-,-,-,-,-
AGUASTAPCS-WDM-CM03 OTN1,Shelf0(To Quilpue)-3,13OAU1,3(BAIN),"	-12.0",/,/,/,-,-,"	-32.0","	-60.0",0.0,/,/,/,-,-,-,-,-,-,-,-,-,-,-,-,-,-
AGUASTAPCS-WDM-CM03 OTN1,Shelf0(To Quilpue)-3,13OAU1,4(OUT),-,-,-,-,-,-,-,-,-,-,-,-,-,-,7.0,/,/,/,-,-,-,-,-,-,-,-
AGUASTAPCS-WDM-CM03 OTN1,Shelf0(To Quilpue)-4,11AST2,1(RM1/TM1 A Quilpue (Atenuador 5dB)),"	-12.9",/,/,/,/,/,"	-41.8","	-45.8","	-9.0","	-10.0","	-45.8","	-9.0",-,-,2.4,/,/,/,0.5,5.0,-,-,-,-,-,-
AGUASTAPCS-WDM-CM03 OTN1,Shelf0(To Quilpue)-4,11AST2,2(RM2/TM2 A Achupallas (Atenuador 5dB)),"	-12.0",/,/,/,/,/,"	-42.1","	-46.1","	-9.0","	-10.0","	-46.1","	-9.0",-,-,2.6,/,/,/,0.5,5.0,-,-,-,-,-,-
AGUASTAPCS-WDM-CM03 OTN1,Shelf0(To Quilpue)-5,11AST2,1(RM1/TM1 A Recreo (Atenuador 10 dB)),"	-13.1",/,/,/,/,/,"	-42.0","	-46.0","	-9.0","	-10.0","	-46.0","	-9.0",-,-,2.3,/,/,/,0.5,5.0,-,-,-,-,-,-
AGUASTAPCS-WDM-CM03 OTN1,Shelf0(To Quilpue)-5,11AST2,2(RM2/TM2 Libre),"	-60.0",/,/,/,/,/,"	-42.0","	-46.0","	-9.0","	-10.0","	-46.0","	-9.0",-,-,2.6,/,/,/,0.5,5.0,-,-,-,-,-,-
AGUASTAPCS-WDM-CM03 OTN1,Shelf0(To Quilpue)-6,15WSMD9,1(IN/OUT),7.2,/,/,/,/,/,"	-25.0",-,-,24.0,-,-,-,-,"	-13.6",/,/,/,-,-,-,-,-,-,-,-
AGUASTAPCS-WDM-CM03 OTN1,Shelf0(To Quilpue)-15,13OAU1,1(IN),"	-19.7",/,/,/,/,/,"	-32.0","	-60.0",0.0,3.0,"	-60.0",7.0,-,-,-,-,-,-,-,-,-,-,-,-,-,-
AGUASTAPCS-WDM-CM03 OTN1,Shelf0(To Quilpue)-15,13OAU1,2(PAOUT),-,-,-,-,-,-,-,-,-,-,-,-,-,-,"	-1.8",/,/,/,-,-,-,-,-,-,-,-
AGUASTAPCS-WDM-CM03 OTN1,Shelf0(To Quilpue)-15,13OAU1,3(BAIN),"	-7.7",/,/,/,-,-,"	-32.0","	-60.0",0.0,/,/,/,-,-,-,-,-,-,-,-,-,-,-,-,-,-
AGUASTAPCS-WDM-CM03 OTN1,Shelf0(To Quilpue)-15,13OAU1,4(OUT),-,-,-,-,-,-,-,-,-,-,-,-,-,-,7.5,/,/,/,-,-,-,-,-,-,-,-
AGUASTAPCS-WDM-CM03 OTN1,Shelf1(To Achupallas + DL1)-2,15WSMD9,1(IN/OUT),9.1,/,/,/,/,/,"	-25.0",-,-,24.0,-,-,-,-,"	-13.0",/,/,/,-,-,-,-,-,-,-,-
AGUASTAPCS-WDM-CM03 OTN1,Shelf1(To Achupallas + DL1)-4,13OAU1,1(IN),"	-12.3",/,/,/,/,/,"	-32.0","	-60.0",0.0,3.0,"	-60.0",7.0,-,-,-,-,-,-,-,-,-,-,-,-,-,-
AGUASTAPCS-WDM-CM03 OTN1,Shelf1(To Achupallas + DL1)-4,13OAU1,2(PAOUT),-,-,-,-,-,-,-,-,-,-,-,-,-,-,0.4,/,/,/,-,-,-,-,-,-,-,-
AGUASTAPCS-WDM-CM03 OTN1,Shelf1(To Achupallas + DL1)-4,13OAU1,3(BAIN),"	-12.2",/,/,/,-,-,"	-32.0","	-60.0",0.0,/,/,/,-,-,-,-,-,-,-,-,-,-,-,-,-,-
AGUASTAPCS-WDM-CM03 OTN1,Shelf1(To Achupallas + DL1)-4,13OAU1,4(OUT),-,-,-,-,-,-,-,-,-,-,-,-,-,-,8.1,/,/,/,-,-,-,-,-,-,-,-
AGUASTAPCS-WDM-CM03 OTN1,Shelf1(To Achupallas + DL1)-5,12M40,1(OUT),-,-,-,-,-,-,-,-,-,-,-,-,-,-,"	-4.1",/,/,/,-,-,-,-,-,-,-,-
AGUASTAPCS-WDM-CM03 OTN1,Shelf1(To Achupallas + DL1)-7,13OBU1,1(IN),"	-16.5",/,/,/,/,/,"	-32.0",-,-,"	-0.2",-,-,-,-,-,-,-,-,-,-,-,-,-,-,-,-
AGUASTAPCS-WDM-CM03 OTN1,Shelf1(To Achupallas + DL1)-7,13OBU1,2(OUT),-,-,-,-,-,-,-,-,-,-,-,-,-,-,6.9,/,/,/,-,-,-,-,-,-,-,-
AGUASTAPCS-WDM-CM03 OTN1,Shelf1(To Achupallas + DL1)-8,15WSMD9,1(IN/OUT),7.3,/,/,/,/,/,"	-25.0",-,-,24.0,-,-,-,-,"	-16.1",/,/,/,-,-,-,-,-,-,-,-
AGUASTAPCS-WDM-CM03 OTN1,Shelf1(To Achupallas + DL1)-13,13OBU1,1(IN),"	-23.8",/,/,/,/,/,"	-32.0",-,-,"	-0.2",-,-,-,-,-,-,-,-,-,-,-,-,-,-,-,-
AGUASTAPCS-WDM-CM03 OTN1,Shelf1(To Achupallas + DL1)-13,13OBU1,2(OUT),-,-,-,-,-,-,-,-,-,-,-,-,-,-,0.8,/,/,/,-,-,-,-,-,-,-,-
AGUASTAPCS-WDM-CM03 OTN1,Shelf1(To Achupallas + DL1)-14,12D40,1(IN),0.9,/,/,/,/,/,"	-25.0",-,-,22.0,-,-,-,-,-,-,-,-,-,-,-,-,-,-,-,-
AGUASTAPCS-WDM-CM03 OTN1,Shelf1(To Achupallas + DL1)-16,13OAU1,1(IN),"	-17.9",/,/,/,/,/,"	-32.0","	-60.0",0.0,3.0,"	-60.0",7.0,-,-,-,-,-,-,-,-,-,-,-,-,-,-
AGUASTAPCS-WDM-CM03 OTN1,Shelf1(To Achupallas + DL1)-16,13OAU1,2(PAOUT),-,-,-,-,-,-,-,-,-,-,-,-,-,-,"	-0.4",/,/,/,-,-,-,-,-,-,-,-
AGUASTAPCS-WDM-CM03 OTN1,Shelf1(To Achupallas + DL1)-16,13OAU1,3(BAIN),"	-6.9",/,/,/,-,-,"	-32.0","	-60.0",0.0,/,/,/,-,-,-,-,-,-,-,-,-,-,-,-,-,-
AGUASTAPCS-WDM-CM03 OTN1,Shelf1(To Achupallas + DL1)-16,13OAU1,4(OUT),-,-,-,-,-,-,-,-,-,-,-,-,-,-,9.1,/,/,/,-,-,-,-,-,-,-,-
AGUASTAPCS-WDM-CM03 OTN1,Shelf2(To Recreo + DL2)-2,15WSMD9,1(IN/OUT),9.6,/,/,/,/,/,"	-25.0",-,-,24.0,-,-,-,-,"	-10.1",/,/,/,-,-,-,-,-,-,-,-
AGUASTAPCS-WDM-CM03 OTN1,Shelf2(To Recreo + DL2)-4,12M40,1(OUT),-,-,-,-,-,-,-,-,-,-,-,-,-,-,"	-7.0",/,/,/,-,-,-,-,-,-,-,-
AGUASTAPCS-WDM-CM03 OTN1,Shelf2(To Recreo + DL2)-6,13OBU1,1(IN),"	-19.2",/,/,/,/,/,"	-32.0",-,-,"	-0.2",-,-,-,-,-,-,-,-,-,-,-,-,-,-,-,-
AGUASTAPCS-WDM-CM03 OTN1,Shelf2(To Recreo + DL2)-6,13OBU1,2(OUT),-,-,-,-,-,-,-,-,-,-,-,-,-,-,4.5,/,/,/,-,-,-,-,-,-,-,-
AGUASTAPCS-WDM-CM03 OTN1,Shelf2(To Recreo + DL2)-7,15WSMD9,1(IN/OUT),4.5,/,/,/,/,/,"	-25.0",-,-,24.0,-,-,-,-,"	-19.5",/,/,/,-,-,-,-,-,-,-,-
AGUASTAPCS-WDM-CM03 OTN1,Shelf2(To Recreo + DL2)-13,13OBU1,1(IN),"	-27.4",/,/,/,/,/,"	-32.0",-,-,"	-0.2",-,-,-,-,-,-,-,-,-,-,-,-,-,-,-,-
AGUASTAPCS-WDM-CM03 OTN1,Shelf2(To Recreo + DL2)-13,13OBU1,2(OUT),-,-,-,-,-,-,-,-,-,-,-,-,-,-,"	-1.7",/,/,/,-,-,-,-,-,-,-,-
AGUASTAPCS-WDM-CM03 OTN1,Shelf2(To Recreo + DL2)-14,12D40,1(IN),"	-1.4",/,/,/,/,/,"	-25.0",-,-,22.0,-,-,-,-,-,-,-,-,-,-,-,-,-,-,-,-
AGUASTAPCS-WDM-CM03 OTN1,Shelf2(To Recreo + DL2)-16,13OAU1,1(IN),"	-60.0",/,/,/,/,/,"	-32.0","	-60.0",0.0,3.0,"	-60.0",7.0,-,-,-,-,-,-,-,-,-,-,-,-,-,-
AGUASTAPCS-WDM-CM03 OTN1,Shelf2(To Recreo + DL2)-16,13OAU1,2(PAOUT),-,-,-,-,-,-,-,-,-,-,-,-,-,-,"	-60.0",/,/,/,-,-,-,-,-,-,-,-
AGUASTAPCS-WDM-CM03 OTN1,Shelf2(To Recreo + DL2)-16,13OAU1,3(BAIN),"	-60.0",/,/,/,-,-,"	-32.0","	-60.0",0.0,/,/,/,-,-,-,-,-,-,-,-,-,-,-,-,-,-
AGUASTAPCS-WDM-CM03 OTN1,Shelf2(To Recreo + DL2)-16,13OAU1,4(OUT),-,-,-,-,-,-,-,-,-,-,-,-,-,-,"	-60.0",/,/,/,-,-,-,-,-,-,-,-
AGUASTAPCS-WDM-CM03 ETN1,Shelf0(subrack)-1,58NS4,1(IN/OUT HACIA ACHUPALLAS),"	-8.9",/,/,/,/,/,"	-16.0","	-21.0","	-2.0","	-2.0","	-21.0","	-2.0",-,-,"	-2.8",/,/,/,"	-6.0",0.0,-,-,"	-17.0","	-2.0",-,-
AGUASTAPCS-WDM-CM03 ETN1,Shelf0(subrack)-2,53TDX(STND),3(RX1/TX1 PA2 NUEVO AGUA SANTA PCS PERAN 8KM14 TE0/1/1),"	-6.0",/,/,/,/,/,"	-14.4","	-18.4",0.5,"	-0.5","	-18.4",0.5,-,-,"	-2.7",/,/,/,"	-7.0",0.0,-,-,-,-,-,-
AGUASTAPCS-WDM-CM03 ETN1,Shelf0(subrack)-2,53TDX(STND),4(RX2/TX2 PA2 P1-CORE CRS CORE - PE RAN AGUA SANTA PCS Te 2/0/8),"	-6.0","	-6.3",2021-04-23 01:03:13,Normal,"	-9.5","	-1.5","	-14.4","	-18.4",0.5,"	-0.5","	-18.4",0.5,-,-,"	-2.8",/,/,/,"	-7.0",0.0,-,-,-,-,-,-
AGUASTAPCS-WDM-CM03 ETN1,Shelf0(subrack)-3,58NS4,1(IN/OUT HACIA QUILPUE PCS),"	-8.6","	-7.9",2020-05-14 19:48:08,Normal,"	-10.9","	-2.9","	-16.0","	-21.0","	-2.0","	-2.0","	-21.0","	-2.0",-,-,"	-2.6",/,/,/,"	-6.0",0.0,-,-,"	-17.0","	-2.0",-,-
AGUASTAPCS-WDM-CM03 ETN1,Shelf0(subrack)-4,54TOA(STND),3(RX1/TX1 PB1 PE RAN AGUA SANTA G 3/1/0),"	-8.0",/,/,/,/,/,"	-20.0","	-24.0","	-3.0","	-4.0","	-24.0","	-3.0",-,-,"	-6.3",/,/,/,"	-10.0","	-2.0",-,-,-,-,-,-
AGUASTAPCS-WDM-CM03 ETN1,Shelf0(subrack)-4,54TOA(STND),4(RX2/TX2 PB2 PE RAN AGUA SANTA G 3/1/2),"	-7.0",/,/,/,/,/,"	-20.0","	-24.0","	-3.0","	-4.0","	-24.0","	-3.0",-,-,"	-6.4",/,/,/,"	-10.0","	-2.0",-,-,-,-,-,-
AGUASTAPCS-WDM-CM03 ETN1,Shelf0(subrack)-4,54TOA(STND),5(RX3/TX3 PB3 PE RAN AGUA SANTA G 3/1/9),"	-6.3",/,/,/,/,/,"	-20.0","	-24.0","	-3.0","	-4.0","	-24.0","	-3.0",-,-,"	-6.0",/,/,/,"	-10.0","	-2.0",-,-,-,-,-,-
AGUASTAPCS-WDM-CM03 ETN1,Shelf0(subrack)-4,54TOA(STND),6(RX4/TX4 PB4 PE RAN AGUA SANTA G 3/1/11),"	-7.1",/,/,/,/,/,"	-20.0","	-24.0","	-3.0","	-4.0","	-24.0","	-3.0",-,-,"	-6.3",/,/,/,"	-10.0","	-2.0",-,-,-,-,-,-
AGUASTAPCS-WDM-CM03 ETN1,Shelf0(subrack)-4,54TOA(STND),7(RX5/TX5),/,/,/,/,/,/,/,/,/,/,/,/,-,-,/,/,/,/,/,/,-,-,-,-,-,-
AGUASTAPCS-WDM-CM03 ETN1,Shelf0(subrack)-4,54TOA(STND),8(RX6/TX6),/,/,/,/,/,/,/,/,/,/,/,/,-,-,/,/,/,/,/,/,-,-,-,-,-,-
AGUASTAPCS-WDM-CM03 ETN1,Shelf0(subrack)-4,54TOA(STND),9(RX7/TX7),/,/,/,/,/,/,/,/,/,/,/,/,-,-,/,/,/,/,/,/,-,-,-,-,-,-
AGUASTAPCS-WDM-CM03 ETN1,Shelf0(subrack)-4,54TOA(STND),10(RX8/TX8),/,/,/,/,/,/,/,/,/,/,/,/,-,-,/,/,/,/,/,/,-,-,-,-,-,-
AGUASTAPCS-WDM-CM03 ETN1,Shelf0(subrack)-15,53TDX(STND),3(RX1/TX1 PB1 NUEVO PE RAN 8KM14-AGUASANTA TE 0/1/8),"	-6.4",/,/,/,/,/,"	-14.4","	-18.4",0.5,"	-0.5","	-18.4",0.5,-,-,"	-3.7",/,/,/,"	-7.0",0.0,-,-,-,-,-,-
AGUASTAPCS-WDM-CM03 ETN1,Shelf0(subrack)-15,53TDX(STND),4(RX2/TX2 PB2 NUEVO PE RAN 8KM14-AGUASANTA TE 0/1/9),"	-6.5",/,/,/,/,/,"	-14.4","	-18.4",0.5,"	-0.5","	-18.4",0.5,-,-,"	-2.3",/,/,/,"	-7.0",0.0,-,-,-,-,-,-
AGUASTAPCS-WDM-CM03 ETN1,Shelf0(subrack)-16,54TOA(STND),3(RX1/TX1 PA1 PE RAN AGUA SANTA G 3/0/11),"	-8.0",/,/,/,/,/,"	-20.0","	-24.0","	-3.0","	-4.0","	-24.0","	-3.0",-,-,"	-6.2",/,/,/,"	-10.0","	-2.0",-,-,-,-,-,-
AGUASTAPCS-WDM-CM03 ETN1,Shelf0(subrack)-16,54TOA(STND),4(RX2/TX2 PA2 PE RAN AGUA SANTA G 3/0/9),"	-6.5",/,/,/,/,/,"	-18.0","	-22.0","	-3.0","	-4.0","	-22.0","	-3.0",-,-,"	-5.8",/,/,/,"	-11.0","	-2.0",-,-,-,-,-,-
AGUASTAPCS-WDM-CM03 ETN1,Shelf0(subrack)-16,54TOA(STND),5(RX3/TX3 PA3 PE RAN AGUA SANTA G 3/0/2),"	-7.2",/,/,/,/,/,"	-20.0","	-24.0","	-3.0","	-4.0","	-24.0","	-3.0",-,-,"	-6.2",/,/,/,"	-10.0","	-2.0",-,-,-,-,-,-
AGUASTAPCS-WDM-CM03 ETN1,Shelf0(subrack)-16,54TOA(STND),6(RX4/TX4 PA4 PE RAN AGUA SANTA G 3/0/0),"	-7.5",/,/,/,/,/,"	-20.0","	-24.0","	-3.0","	-4.0","	-24.0","	-3.0",-,-,"	-6.0",/,/,/,"	-10.0","	-2.0",-,-,-,-,-,-
AGUASTAPCS-WDM-CM03 ETN1,Shelf0(subrack)-16,54TOA(STND),7(RX5/TX5),/,/,/,/,/,/,/,/,/,/,/,/,-,-,/,/,/,/,/,/,-,-,-,-,-,-
AGUASTAPCS-WDM-CM03 ETN1,Shelf0(subrack)-16,54TOA(STND),8(RX6/TX6),/,/,/,/,/,/,/,/,/,/,/,/,-,-,/,/,/,/,/,/,-,-,-,-,-,-
AGUASTAPCS-WDM-CM03 ETN1,Shelf0(subrack)-16,54TOA(STND),9(RX7/TX7),/,/,/,/,/,/,/,/,/,/,/,/,-,-,/,/,/,/,/,/,-,-,-,-,-,-
AGUASTAPCS-WDM-CM03 ETN1,Shelf0(subrack)-16,54TOA(STND),10(RX8/TX8),/,/,/,/,/,/,/,/,/,/,/,/,-,-,/,/,/,/,/,/,-,-,-,-,-,-
AGUASTAPCS-WDM-CM03 ETN1,Shelf0(subrack)-17,53TDX(STND),3(RX1/TX1 PA1 PE1-CORE CRS RECREO - PE RAN AGUA SANTA PCS Te 2/0/7),"	-5.2","	-5.6",2021-04-23 00:55:44,Normal,"	-8.6","	-0.6","	-14.4","	-18.4",0.5,"	-0.5","	-18.4",0.5,-,-,"	-2.9",/,/,/,"	-7.0",0.0,-,-,-,-,-,-
AGUASTAPCS-WDM-CM03 ETN1,Shelf0(subrack)-17,53TDX(STND),4(RX2/TX2 PA1 NUEVO PERAN 8KM14 AGUASANTA TE0/1/0),"	-5.8",/,/,/,/,/,"	-14.4","	-18.4",0.5,"	-0.5","	-18.4",0.5,-,-,"	-3.6",/,/,/,"	-7.0",0.0,-,-,-,-,-,-
AGUASTAPCS-WDM-CM03 ETN1,Shelf0(subrack)-18,58NS4,1(IN/OUT HACIA RECREO),"	-9.2",/,/,/,/,/,"	-16.0","	-21.0","	-2.0","	-2.0","	-21.0","	-2.0",-,-,"	-2.6",/,/,/,"	-6.0",0.0,-,-,"	-17.0","	-2.0",-,-
QUILPUEPCS-WDM-CM03 OTN1,Shelf0(To Agua Santa PCS)-3,12M40,1(OUT),-,-,-,-,-,-,-,-,-,-,-,-,-,-,"	-3.9",/,/,/,-,-,-,-,-,-,-,-
QUILPUEPCS-WDM-CM03 OTN1,Shelf0(To Agua Santa PCS)-6,11AST2,1(RM1/TM1 ID:0 To Agua Santa (At 7dB)),"	-15.5","	-16.2",2020-05-14 12:32:54,Normal,"	-19.2","	-11.2","	-42.0","	-46.0","	-9.0","	-10.0","	-46.0","	-9.0",-,-,2.6,/,/,/,0.5,5.0,-,-,-,-,-,-
QUILPUEPCS-WDM-CM03 OTN1,Shelf0(To Agua Santa PCS)-6,11AST2,2(RM2/TM2 ID:1 To Villa Alemana (At 15dB)),"	-18.4","	-17.6",2020-05-14 12:38:06,Normal,"	-21.0","	-13.0","	-42.1","	-46.1","	-9.0","	-10.0","	-46.1","	-9.0",-,-,2.8,/,/,/,0.5,5.0,-,-,-,-,-,-
QUILPUEPCS-WDM-CM03 OTN1,Shelf0(To Agua Santa PCS)-8,15WSMD9,1(IN/OUT),6.7,/,/,/,/,/,"	-25.0",-,-,24.0,-,-,-,-,"	-11.0",/,/,/,-,-,-,-,-,-,-,-
QUILPUEPCS-WDM-CM03 OTN1,Shelf0(To Agua Santa PCS)-13,13OAU1,1(IN),"	-13.3",/,/,/,/,/,"	-32.0","	-60.0",0.0,3.0,"	-60.0",7.0,-,-,-,-,-,-,-,-,-,-,-,-,-,-
QUILPUEPCS-WDM-CM03 OTN1,Shelf0(To Agua Santa PCS)-13,13OAU1,2(PAOUT),-,-,-,-,-,-,-,-,-,-,-,-,-,-,"	-0.6",/,/,/,-,-,-,-,-,-,-,-
QUILPUEPCS-WDM-CM03 OTN1,Shelf0(To Agua Santa PCS)-13,13OAU1,3(BAIN),"	-12.7",/,/,/,-,-,"	-32.0","	-60.0",0.0,/,/,/,-,-,-,-,-,-,-,-,-,-,-,-,-,-
QUILPUEPCS-WDM-CM03 OTN1,Shelf0(To Agua Santa PCS)-13,13OAU1,4(OUT),-,-,-,-,-,-,-,-,-,-,-,-,-,-,7.1,/,/,/,-,-,-,-,-,-,-,-
QUILPUEPCS-WDM-CM03 OTN1,Shelf0(To Agua Santa PCS)-14,13OBU1,1(IN),"	-22.8",/,/,/,/,/,"	-32.0",-,-,"	-0.2",-,-,-,-,-,-,-,-,-,-,-,-,-,-,-,-
QUILPUEPCS-WDM-CM03 OTN1,Shelf0(To Agua Santa PCS)-14,13OBU1,2(OUT),-,-,-,-,-,-,-,-,-,-,-,-,-,-,1.2,/,/,/,-,-,-,-,-,-,-,-
QUILPUEPCS-WDM-CM03 OTN1,Shelf0(To Agua Santa PCS)-15,12D40,1(IN),0.8,/,/,/,/,/,"	-25.0",-,-,22.0,-,-,-,-,-,-,-,-,-,-,-,-,-,-,-,-
QUILPUEPCS-WDM-CM03 OTN1,Shelf1(To Villa Alemana)-1,12M40,1(OUT),-,-,-,-,-,-,-,-,-,-,-,-,-,-,"	-4.5",/,/,/,-,-,-,-,-,-,-,-
QUILPUEPCS-WDM-CM03 OTN1,Shelf1(To Villa Alemana)-4,15WSMD9,1(IN/OUT),5.5,/,/,/,/,/,"	-25.0",-,-,24.0,-,-,-,-,"	-14.4",/,/,/,-,-,-,-,-,-,-,-
QUILPUEPCS-WDM-CM03 OTN1,Shelf1(To Villa Alemana)-13,13OAU1,1(IN),"	-19.2",/,/,/,/,/,"	-32.0","	-60.0",0.0,3.0,"	-60.0",7.0,-,-,-,-,-,-,-,-,-,-,-,-,-,-
QUILPUEPCS-WDM-CM03 OTN1,Shelf1(To Villa Alemana)-13,13OAU1,2(PAOUT),-,-,-,-,-,-,-,-,-,-,-,-,-,-,"	-4.1",/,/,/,-,-,-,-,-,-,-,-
QUILPUEPCS-WDM-CM03 OTN1,Shelf1(To Villa Alemana)-13,13OAU1,3(BAIN),"	-12.2",/,/,/,-,-,"	-32.0","	-60.0",0.0,/,/,/,-,-,-,-,-,-,-,-,-,-,-,-,-,-
QUILPUEPCS-WDM-CM03 OTN1,Shelf1(To Villa Alemana)-13,13OAU1,4(OUT),-,-,-,-,-,-,-,-,-,-,-,-,-,-,5.9,/,/,/,-,-,-,-,-,-,-,-
QUILPUEPCS-WDM-CM03 OTN1,Shelf1(To Villa Alemana)-14,13OBU1,1(IN),"	-21.2",/,/,/,/,/,"	-32.0",-,-,"	-0.2",-,-,-,-,-,-,-,-,-,-,-,-,-,-,-,-
QUILPUEPCS-WDM-CM03 OTN1,Shelf1(To Villa Alemana)-14,13OBU1,2(OUT),-,-,-,-,-,-,-,-,-,-,-,-,-,-,2.8,/,/,/,-,-,-,-,-,-,-,-
QUILPUEPCS-WDM-CM03 OTN1,Shelf1(To Villa Alemana)-15,12D40,1(IN),3.0,/,/,/,/,/,"	-25.0",-,-,22.0,-,-,-,-,-,-,-,-,-,-,-,-,-,-,-,-
QUILPUEPCS-WDM-CM03 ETN1,Shelf0(subrack)-1,58NS4,1(IN/OUT HACIA VILLA ALEMANA),"	-7.1",/,/,/,/,/,"	-16.0","	-21.0","	-2.0","	-2.0","	-21.0","	-2.0",-,-,"	-2.6",/,/,/,"	-6.0",0.0,-,-,"	-17.0","	-2.0",-,-
QUILPUEPCS-WDM-CM03 ETN1,Shelf0(subrack)-2,53TDX(STND),3(RX1/TX1 PA1 PE RAN QUILPUE PCS TE 0/1/0),"	-6.7","	-6.8",2021-10-22 10:37:41 DST,Normal,"	-9.8","	-1.8","	-14.4","	-18.4",0.5,"	-0.5","	-18.4",0.5,-,-,"	-3.8",/,/,/,"	-7.0",0.0,-,-,-,-,-,-
QUILPUEPCS-WDM-CM03 ETN1,Shelf0(subrack)-2,53TDX(STND),4(RX2/TX2 PA2 PE RAN QUILPUE PCS TE 0/1/2),"	-6.3","	-6.2",2021-10-22 10:37:41 DST,Normal,"	-9.2","	-1.2","	-14.4","	-18.4",0.5,"	-0.5","	-18.4",0.5,-,-,"	-2.4",/,/,/,"	-7.0",0.0,-,-,-,-,-,-
QUILPUEPCS-WDM-CM03 ETN1,Shelf0(subrack)-4,17LTX,1(IN1/OUT1 HACIA VILLA ALEMANA),"	-5.9",/,/,/,/,/,"	-16.0","	-21.0","	-2.0","	-2.0","	-21.0","	-2.0",-,-,"	-2.4",/,/,/,"	-6.0",0.0,-,-,-,-,-,-
QUILPUEPCS-WDM-CM03 ETN1,Shelf0(subrack)-4,17LTX,3(RX1/TX1 PB1 OLT1 QUILPUE PCS),"	-6.9",/,/,/,/,/,"	-14.4","	-18.4",0.5,"	-0.5","	-18.4",0.5,-,-,"	-3.1",/,/,/,"	-7.0",0.0,-,-,-,-,-,-
QUILPUEPCS-WDM-CM03 ETN1,Shelf0(subrack)-4,17LTX,4(RX2/TX2 PB2 OLT1 QUILPUE PCS),"	-6.7",/,/,/,/,/,"	-14.4","	-18.4",0.5,"	-0.5","	-18.4",0.5,-,-,"	-3.3",/,/,/,"	-7.0",0.0,-,-,-,-,-,-
QUILPUEPCS-WDM-CM03 ETN1,Shelf0(subrack)-4,17LTX,5(RX3/TX3 PB1 OLT2-QUILPUE-PCS TG 0/17/0  TO RECREO via Las Vegas),"	-4.5",/,/,/,/,/,"	-14.4","	-18.4",0.5,"	-0.5","	-18.4",0.5,-,-,"	-3.3",/,/,/,"	-7.0",0.0,-,-,-,-,-,-
QUILPUEPCS-WDM-CM03 ETN1,Shelf0(subrack)-4,17LTX,6(RX4/TX4 PB2 OLT2-QUILPUE-PCS TG 0/17/1 TO RECREO via Las Vegas),"	-6.0",/,/,/,/,/,"	-14.4","	-18.4",0.5,"	-0.5","	-18.4",0.5,-,-,"	-3.1",/,/,/,"	-7.0",0.0,-,-,-,-,-,-
QUILPUEPCS-WDM-CM03 ETN1,Shelf0(subrack)-4,17LTX,7(RX5/TX5 PB1 OLT3-QUILPUE-PCS TG 0/17/0 TO RECREO via Las Vegas),"	-6.3",/,/,/,/,/,"	-14.4","	-18.4",0.5,"	-0.5","	-18.4",0.5,-,-,"	-3.3",/,/,/,"	-7.0",0.0,-,-,-,-,-,-
QUILPUEPCS-WDM-CM03 ETN1,Shelf0(subrack)-4,17LTX,8(RX6/TX6 PB2 OLT3-QUILPUE-PCS TG 0/17/1 TO RECREO via Las Vegas),"	-8.1",/,/,/,/,/,"	-14.4","	-18.4",0.5,"	-0.5","	-18.4",0.5,-,-,"	-3.5",/,/,/,"	-7.0",0.0,-,-,-,-,-,-
QUILPUEPCS-WDM-CM03 ETN1,Shelf0(subrack)-4,17LTX,9(RX7/TX7 PA1 OLT1 VILLA ALEMANA X LTX S4 RX7/TX7),"	-5.1",/,/,/,/,/,"	-14.4","	-18.4",0.5,"	-0.5","	-18.4",0.5,-,-,"	-3.5",/,/,/,"	-7.0",0.0,-,-,-,-,-,-
QUILPUEPCS-WDM-CM03 ETN1,Shelf0(subrack)-4,17LTX,10(RX8/TX8 PA2 OLT1 VILLA ALEMANA X LTX S4 RX8/TX8),"	-5.3",/,/,/,/,/,"	-14.4","	-18.4",0.5,"	-0.5","	-18.4",0.5,-,-,"	-3.3",/,/,/,"	-7.0",0.0,-,-,-,-,-,-
QUILPUEPCS-WDM-CM03 ETN1,Shelf0(subrack)-4,17LTX,11(RX9/TX9 PA1 OLT2 VILLA ALEMANA X LTX S4 RX9/TX9),"	-4.8",/,/,/,/,/,"	-14.4","	-18.4",0.5,"	-0.5","	-18.4",0.5,-,-,"	-3.4",/,/,/,"	-7.0",0.0,-,-,-,-,-,-
QUILPUEPCS-WDM-CM03 ETN1,Shelf0(subrack)-4,17LTX,12(RX10/TX10 PA2 OLT2 VILLA ALEMANA X LTX S4 RX10/TX10),"	-5.2",/,/,/,/,/,"	-14.4","	-18.4",0.5,"	-0.5","	-18.4",0.5,-,-,"	-3.3",/,/,/,"	-7.0",0.0,-,-,-,-,-,-
QUILPUEPCS-WDM-CM03 ETN1,Shelf0(subrack)-15,17LTX,1(IN1/OUT1 HACIA RECREO),"	-8.4",/,/,/,/,/,"	-16.0","	-21.0","	-2.0","	-2.0","	-21.0","	-2.0",-,-,"	-2.7",/,/,/,"	-6.0",0.0,-,-,-,-,-,-
QUILPUEPCS-WDM-CM03 ETN1,Shelf0(subrack)-15,17LTX,3(RX1/TX1 PA1 OLT1 QUILPUE PCS),"	-6.4",/,/,/,/,/,"	-14.4","	-18.4",0.5,"	-0.5","	-18.4",0.5,-,-,"	-3.4",/,/,/,"	-7.0",0.0,-,-,-,-,-,-
QUILPUEPCS-WDM-CM03 ETN1,Shelf0(subrack)-15,17LTX,4(RX2/TX2 PA2 OLT1 QUILPUE PCS),"	-8.6",/,/,/,/,/,"	-14.4","	-18.4",0.5,"	-0.5","	-18.4",0.5,-,-,"	-3.4",/,/,/,"	-7.0",0.0,-,-,-,-,-,-
QUILPUEPCS-WDM-CM03 ETN1,Shelf0(subrack)-15,17LTX,5(RX3/TX3 PA1 OLT2-QUILPUE-PCS TG 0/16/0 TO RECREO),"	-7.7",/,/,/,/,/,"	-14.4","	-18.4",0.5,"	-0.5","	-18.4",0.5,-,-,"	-3.3",/,/,/,"	-7.0",0.0,-,-,-,-,-,-
QUILPUEPCS-WDM-CM03 ETN1,Shelf0(subrack)-15,17LTX,6(RX4/TX4 PA2 OLT2-QUILPUE-PCS TG 0/16/1 TO RECREO),"	-8.0",/,/,/,/,/,"	-14.4","	-18.4",0.5,"	-0.5","	-18.4",0.5,-,-,"	-3.5",/,/,/,"	-7.0",0.0,-,-,-,-,-,-
QUILPUEPCS-WDM-CM03 ETN1,Shelf0(subrack)-15,17LTX,7(RX5/TX5 PA1 OLT3-QUILPUE-PCS TG 0/16/0 TO RECREO),"	-6.6",/,/,/,/,/,"	-14.4","	-18.4",0.5,"	-0.5","	-18.4",0.5,-,-,"	-3.4",/,/,/,"	-7.0",0.0,-,-,-,-,-,-
QUILPUEPCS-WDM-CM03 ETN1,Shelf0(subrack)-15,17LTX,8(RX6/TX6 PA2 OLT3-QUILPUE-PCS TG 0/16/1 TO RECREO),"	-8.7",/,/,/,/,/,"	-14.4","	-18.4",0.5,"	-0.5","	-18.4",0.5,-,-,"	-3.7",/,/,/,"	-7.0",0.0,-,-,-,-,-,-
QUILPUEPCS-WDM-CM03 ETN1,Shelf0(subrack)-15,17LTX,9(RX7/TX7 PA1 OLT1 VILLA ALEMANA X LTX S4 RX7/TX7),"	-4.8",/,/,/,/,/,"	-14.4","	-18.4",0.5,"	-0.5","	-18.4",0.5,-,-,"	-3.5",/,/,/,"	-7.0",0.0,-,-,-,-,-,-
QUILPUEPCS-WDM-CM03 ETN1,Shelf0(subrack)-15,17LTX,10(RX8/TX8 PA2 OLT1 VILLA ALEMANA X LTX S4 RX8/TX8),"	-5.1",/,/,/,/,/,"	-14.4","	-18.4",0.5,"	-0.5","	-18.4",0.5,-,-,"	-3.4",/,/,/,"	-7.0",0.0,-,-,-,-,-,-
QUILPUEPCS-WDM-CM03 ETN1,Shelf0(subrack)-15,17LTX,11(RX9/TX9 PA1 OLT2 VILLA ALEMANA X LTX S4 RX9/TX9),"	-5.3",/,/,/,/,/,"	-14.4","	-18.4",0.5,"	-0.5","	-18.4",0.5,-,-,"	-3.1",/,/,/,"	-7.0",0.0,-,-,-,-,-,-
QUILPUEPCS-WDM-CM03 ETN1,Shelf0(subrack)-15,17LTX,12(RX10/TX10 PA1 OLT2 VILLA ALEMANA X LTX S4 RX10/TX10),"	-5.1",/,/,/,/,/,"	-14.4","	-18.4",0.5,"	-0.5","	-18.4",0.5,-,-,"	-3.5",/,/,/,"	-7.0",0.0,-,-,-,-,-,-
QUILPUEPCS-WDM-CM03 ETN1,Shelf0(subrack)-16,54TOA(STND),3(RX1/TX1),/,/,/,/,/,/,"	-20.0","	-24.0","	-3.0","	-4.0","	-24.0","	-3.0",-,-,/,/,/,/,"	-10.0","	-2.0",-,-,-,-,-,-
QUILPUEPCS-WDM-CM03 ETN1,Shelf0(subrack)-16,54TOA(STND),4(RX2/TX2),/,/,/,/,/,/,"	-20.0","	-24.0","	-3.0","	-4.0","	-24.0","	-3.0",-,-,/,/,/,/,"	-10.0","	-2.0",-,-,-,-,-,-
QUILPUEPCS-WDM-CM03 ETN1,Shelf0(subrack)-16,54TOA(STND),5(RX3/TX3),/,/,/,/,/,/,"	-20.0","	-24.0","	-3.0","	-4.0","	-24.0","	-3.0",-,-,/,/,/,/,"	-10.0","	-2.0",-,-,-,-,-,-
QUILPUEPCS-WDM-CM03 ETN1,Shelf0(subrack)-16,54TOA(STND),6(RX4/TX4),/,/,/,/,/,/,"	-20.0","	-24.0","	-3.0","	-4.0","	-24.0","	-3.0",-,-,/,/,/,/,"	-10.0","	-2.0",-,-,-,-,-,-
QUILPUEPCS-WDM-CM03 ETN1,Shelf0(subrack)-16,54TOA(STND),7(RX5/TX5 PA5 PE RAN QUILPUE PCS GE 1/2/4),"	-7.3","	-7.5",2020-05-29 00:55:58,Normal,"	-10.5","	-2.5","	-20.0","	-24.0","	-3.0","	-4.0","	-24.0","	-3.0",-,-,"	-6.3",/,/,/,"	-10.0","	-2.0",-,-,-,-,-,-
QUILPUEPCS-WDM-CM03 ETN1,Shelf0(subrack)-16,54TOA(STND),8(RX6/TX6 PA6 PE RAN QUILPUE PCS GE 1/2/3),"	-6.6","	-6.5",2020-05-29 00:55:58,Normal,"	-9.5","	-1.5","	-20.0","	-24.0","	-3.0","	-4.0","	-24.0","	-3.0",-,-,"	-6.4",/,/,/,"	-10.0","	-2.0",-,-,-,-,-,-
QUILPUEPCS-WDM-CM03 ETN1,Shelf0(subrack)-16,54TOA(STND),9(RX7/TX7 PA7 PE RAN QUILPUE PCS GE 1/2/2),"	-7.7","	-7.7",2020-05-29 00:55:58,Normal,"	-10.7","	-2.7","	-20.0","	-24.0","	-3.0","	-4.0","	-24.0","	-3.0",-,-,"	-6.6",/,/,/,"	-10.0","	-2.0",-,-,-,-,-,-
QUILPUEPCS-WDM-CM03 ETN1,Shelf0(subrack)-16,54TOA(STND),10(RX8/TX8 PA8 PE RAN QUILPUE PCS GE 1/2/1),"	-7.3","	-7.1",2020-05-29 00:55:58,Normal,"	-10.1","	-2.1","	-20.0","	-24.0","	-3.0","	-4.0","	-24.0","	-3.0",-,-,"	-6.4",/,/,/,"	-10.0","	-2.0",-,-,-,-,-,-
QUILPUEPCS-WDM-CM03 ETN1,Shelf0(subrack)-17,53TDX(STND),3(RX1/TX1 PB1 PE RAN QUILPUE PCS TE0/2/0),"	-6.0","	-6.0",2021-10-22 00:58:07 DST,Normal,"	-9.0","	-1.0","	-14.4","	-18.4",0.5,"	-0.5","	-18.4",0.5,-,-,"	-2.6",/,/,/,"	-7.0",0.0,-,-,-,-,-,-
QUILPUEPCS-WDM-CM03 ETN1,Shelf0(subrack)-17,53TDX(STND),4(RX2/TX2 PB2 PE RAN QUILPUE PCS TE0/2/2),"	-6.0","	-5.9",2021-10-22 00:59:32 DST,Normal,"	-8.9","	-0.9","	-14.4","	-18.4",0.5,"	-0.5","	-18.4",0.5,-,-,"	-3.3",/,/,/,"	-7.0",0.0,-,-,-,-,-,-
QUILPUEPCS-WDM-CM03 ETN1,Shelf0(subrack)-18,58NS4,1(IN/OUT HACIA AGUASANTA),"	-8.5","	-8.2",2020-05-14 19:42:12,Normal,"	-11.2","	-3.2","	-16.0","	-21.0","	-2.0","	-2.0","	-21.0","	-2.0",-,-,"	-2.8",/,/,/,"	-6.0",0.0,-,-,"	-17.0","	-2.0",-,-
LVEGAS-WDM-CM03 ETN1,Shelf0(subrack)-1,58NS4,1(IN/OUT HACIA RECREO VIA CORE V REGION),"	-7.3","	-6.7",2021-02-16 03:18:35 DST,Normal,"	-9.7","	-1.7","	-16.0","	-21.0","	-2.0","	-2.0","	-21.0","	-2.0",-,-,"	-2.5",/,/,/,"	-6.0",0.0,-,-,"	-17.0","	-2.0",-,-
LVEGAS-WDM-CM03 ETN1,Shelf0(subrack)-2,53TDX(STND),3(RX1/TX1 8800 LVEGAS-WDM-R04 D TDX S5 RX1/TX1),"	-7.6",/,/,/,/,/,"	-14.4","	-18.4",0.5,"	-0.5","	-18.4",0.5,-,-,"	-3.6",/,/,/,"	-7.0",0.0,-,-,-,-,-,-
LVEGAS-WDM-CM03 ETN1,Shelf0(subrack)-2,53TDX(STND),4(RX2/TX2 RESERVADO PA1 PE RAN VENTANA),/,/,/,/,/,/,/,/,/,/,/,/,-,-,/,/,/,/,/,/,-,-,-,-,-,-
LVEGAS-WDM-CM03 ETN1,Shelf0(subrack)-17,53TDX(STND),3(RX1/TX1 RESERVADO PA1 PE RAN HIGUERAS),/,/,/,/,/,/,"	-14.4","	-18.4",0.5,"	-0.5","	-18.4",0.5,-,-,/,/,/,/,"	-7.0",0.0,-,-,-,-,-,-
LVEGAS-WDM-CM03 ETN1,Shelf0(subrack)-17,53TDX(STND),4(RX2/TX2 RESERVADO PA2 PE RAN HIGUERAS),/,/,/,/,/,/,/,/,/,/,/,/,-,-,/,/,/,/,/,/,-,-,-,-,-,-
LVEGAS-WDM-CM03 ETN1,Shelf0(subrack)-18,58NS4,1(IN/OUT A QUILLOTA SWITCH),"	-6.7",/,/,/,/,/,"	-16.0","	-21.0","	-2.0","	-2.0","	-21.0","	-2.0",-,-,"	-2.3",/,/,/,"	-6.0",0.0,-,-,"	-17.0","	-2.0",-,-
RECREO-WDM-CM03-ETN2,Shelf0(subrack)-1,K1TTA,1(RX1/TX1 PA-1 OLT VALPARAISO-2 to P1-RECREO PTA  Te0/2/0/1),"	-6.7",/,/,/,/,/,"	-14.4","	-18.4",0.5,"	-0.5","	-18.4",0.5,-,-,"	-3.8",/,/,/,"	-7.0",0.0,-,-,-,-,-,-
RECREO-WDM-CM03-ETN2,Shelf0(subrack)-1,K1TTA,2(RX2/TX2 PA-2 OLT VALPARAISO-2 to P1-RECREO PTA  Te0/2/0/2),"	-6.5",/,/,/,/,/,"	-14.4","	-18.4",0.5,"	-0.5","	-18.4",0.5,-,-,"	-3.4",/,/,/,"	-7.0",0.0,-,-,-,-,-,-
RECREO-WDM-CM03-ETN2,Shelf0(subrack)-1,K1TTA,3(RX3/TX3 PA OLT VALPARAISO),"	-8.0",/,/,/,/,/,"	-14.4","	-18.4",0.5,"	-0.5","	-18.4",0.5,-,-,"	-3.4",/,/,/,"	-7.0",0.0,-,-,-,-,-,-
RECREO-WDM-CM03-ETN2,Shelf0(subrack)-1,K1TTA,4(RX4/TX4 PA OLT VALPARAISO),"	-3.9",/,/,/,/,/,"	-14.4","	-18.4",0.5,"	-0.5","	-18.4",0.5,-,-,"	-3.4",/,/,/,"	-7.0",0.0,-,-,-,-,-,-
RECREO-WDM-CM03-ETN2,Shelf0(subrack)-1,K1TTA,5(RX5/TX5 PA OLT VALPARAISO),"	-60.0",/,/,/,/,/,"	-14.4","	-18.4",0.5,"	-0.5","	-18.4",0.5,-,-,"	-4.2",/,/,/,"	-7.0",0.0,-,-,-,-,-,-
RECREO-WDM-CM03-ETN2,Shelf0(subrack)-1,K1TTA,6(RX6/TX6 PA OLT VALPARAISO),"	-60.0",/,/,/,/,/,"	-14.4","	-18.4",0.5,"	-0.5","	-18.4",0.5,-,-,"	-3.4",/,/,/,"	-7.0",0.0,-,-,-,-,-,-
RECREO-WDM-CM03-ETN2,Shelf0(subrack)-1,K1TTA,7(RX7/TX7 PA OLT VALPARAISO),"	-60.0",/,/,/,/,/,"	-14.4","	-18.4",0.5,"	-0.5","	-18.4",0.5,-,-,"	-3.5",/,/,/,"	-7.0",0.0,-,-,-,-,-,-
RECREO-WDM-CM03-ETN2,Shelf0(subrack)-1,K1TTA,8(RX8/TX8 PA OLT VALPARAISO),"	-60.0",/,/,/,/,/,"	-14.4","	-18.4",0.5,"	-0.5","	-18.4",0.5,-,-,"	-3.4",/,/,/,"	-7.0",0.0,-,-,-,-,-,-
RECREO-WDM-CM03-ETN2,Shelf0(subrack)-1,K1TTA,9(RX9/TX9 PA OLT VALPARAISO),"	-60.0",/,/,/,/,/,"	-14.4","	-18.4",0.5,"	-0.5","	-18.4",0.5,-,-,"	-3.6",/,/,/,"	-7.0",0.0,-,-,-,-,-,-
RECREO-WDM-CM03-ETN2,Shelf0(subrack)-1,K1TTA,10(RX10/TX10 PA OLT VALPARAISO),"	-60.0",/,/,/,/,/,"	-14.4","	-18.4",0.5,"	-0.5","	-18.4",0.5,-,-,"	-3.5",/,/,/,"	-7.0",0.0,-,-,-,-,-,-
RECREO-WDM-CM03-ETN2,Shelf0(subrack)-2,K1TTA,1(RX1/TX1 PB-1 OLT VALPARAISO-2 to P1-RECREO PTA  Te0/4/1/1),"	-5.8",/,/,/,/,/,"	-14.4","	-18.4",0.5,"	-0.5","	-18.4",0.5,-,-,"	-3.5",/,/,/,"	-7.0",0.0,-,-,-,-,-,-
RECREO-WDM-CM03-ETN2,Shelf0(subrack)-2,K1TTA,2(RX2/TX2 PB-2 OLT VALPARAISO-2 to P1-RECREO PTA  Te0/4/1/2),"	-5.6",/,/,/,/,/,"	-14.4","	-18.4",0.5,"	-0.5","	-18.4",0.5,-,-,"	-3.2",/,/,/,"	-7.0",0.0,-,-,-,-,-,-
RECREO-WDM-CM03-ETN2,Shelf0(subrack)-2,K1TTA,3(RX3/TX3 PB OLT VALPARAISO),"	-5.7",/,/,/,/,/,"	-14.4","	-18.4",0.5,"	-0.5","	-18.4",0.5,-,-,"	-3.3",/,/,/,"	-7.0",0.0,-,-,-,-,-,-
RECREO-WDM-CM03-ETN2,Shelf0(subrack)-2,K1TTA,4(RX4/TX4 PB OLT VALPARAISO),"	-60.0",/,/,/,/,/,"	-14.4","	-18.4",0.5,"	-0.5","	-18.4",0.5,-,-,"	-3.4",/,/,/,"	-7.0",0.0,-,-,-,-,-,-
RECREO-WDM-CM03-ETN2,Shelf0(subrack)-2,K1TTA,5(RX5/TX5 PB OLT VALPARAISO),"	-60.0",/,/,/,/,/,"	-14.4","	-18.4",0.5,"	-0.5","	-18.4",0.5,-,-,"	-3.4",/,/,/,"	-7.0",0.0,-,-,-,-,-,-
RECREO-WDM-CM03-ETN2,Shelf0(subrack)-2,K1TTA,6(RX6/TX6 PB OLT VALPARAISO),"	-60.0",/,/,/,/,/,"	-14.4","	-18.4",0.5,"	-0.5","	-18.4",0.5,-,-,"	-3.8",/,/,/,"	-7.0",0.0,-,-,-,-,-,-
RECREO-WDM-CM03-ETN2,Shelf0(subrack)-2,K1TTA,7(RX7/TX7 PB OLT VALPARAISO),"	-60.0",/,/,/,/,/,"	-14.4","	-18.4",0.5,"	-0.5","	-18.4",0.5,-,-,"	-3.4",/,/,/,"	-7.0",0.0,-,-,-,-,-,-
RECREO-WDM-CM03-ETN2,Shelf0(subrack)-2,K1TTA,8(RX8/TX8 PB OLT VALPARAISO),"	-60.0",/,/,/,/,/,"	-14.4","	-18.4",0.5,"	-0.5","	-18.4",0.5,-,-,"	-3.8",/,/,/,"	-7.0",0.0,-,-,-,-,-,-
RECREO-WDM-CM03-ETN2,Shelf0(subrack)-2,K1TTA,9(RX9/TX9 PB OLT VALPARAISO),"	-60.0",/,/,/,/,/,"	-14.4","	-18.4",0.5,"	-0.5","	-18.4",0.5,-,-,"	-3.4",/,/,/,"	-7.0",0.0,-,-,-,-,-,-
RECREO-WDM-CM03-ETN2,Shelf0(subrack)-2,K1TTA,10(RX10/TX10 PB OLT VALPARAISO),"	-60.0",/,/,/,/,/,"	-14.4","	-18.4",0.5,"	-0.5","	-18.4",0.5,-,-,"	-3.6",/,/,/,"	-7.0",0.0,-,-,-,-,-,-
RECREO-WDM-CM03-ETN2,Shelf0(subrack)-3,K1UNS4,1(IN/OUT A VALPARAISO ENLACE DIRECTO),"	-6.0","	-5.9",2022-07-04 13:19:04,Normal,"	-8.9","	-0.9","	-18.0",-,-,"	-2.0",-,-,-,-,0.5,/,/,/,"	-3.0",3.0,-,-,-,-,-,-
RECREO-WDM-CM03-ETN2,Shelf0(subrack)-3,K1UNS4,1(IN/OUT A VALPARAISO ENLACE DIRECTO)-1,-,-,-,-,-,-,-,-,-,-,-,-,-,-,-,-,-,-,-,-,-,-,-,-,-,-
RECREO-WDM-CM03-ETN2,Shelf0(subrack)-4,K1UNS4,1(IN/OUT A VALPARAISO VIA AGUA SANTA),"	-7.1","	-6.8",2022-07-29 10:02:12,Normal,"	-9.8","	-1.8","	-18.0",-,-,"	-2.0",-,-,-,-,0.5,/,/,/,"	-3.0",3.0,-,-,-,-,-,-
RECREO-WDM-CM03-ETN2,Shelf0(subrack)-4,K1UNS4,1(IN/OUT A VALPARAISO VIA AGUA SANTA)-1,-,-,-,-,-,-,-,-,-,-,-,-,-,-,-,-,-,-,-,-,-,-,-,-,-,-
VALPO-WDM-CM03-ENT2,Shelf0(subrack)-1,K1TTA,1(RX1/TX1 PA1 OLT VALPARAISO-2 P 0/16/0),"	-5.2",/,/,/,/,/,"	-14.4","	-18.4",0.5,"	-0.5","	-18.4",0.5,-,-,"	-3.4",/,/,/,"	-7.0",0.0,-,-,-,-,-,-
VALPO-WDM-CM03-ENT2,Shelf0(subrack)-1,K1TTA,2(RX2/TX2 PA2 OLT VALPARAISO-2 P 0/16/1),"	-6.1",/,/,/,/,/,"	-14.4","	-18.4",0.5,"	-0.5","	-18.4",0.5,-,-,"	-3.3",/,/,/,"	-7.0",0.0,-,-,-,-,-,-
VALPO-WDM-CM03-ENT2,Shelf0(subrack)-1,K1TTA,3(RX3/TX3 PA OLT VALPARAISO),"	-8.6",/,/,/,/,/,"	-14.4","	-18.4",0.5,"	-0.5","	-18.4",0.5,-,-,"	-3.5",/,/,/,"	-7.0",0.0,-,-,-,-,-,-
VALPO-WDM-CM03-ENT2,Shelf0(subrack)-1,K1TTA,4(RX4/TX4 PA OLT VALPARAISO),"	-5.7",/,/,/,/,/,"	-14.4","	-18.4",0.5,"	-0.5","	-18.4",0.5,-,-,"	-3.6",/,/,/,"	-7.0",0.0,-,-,-,-,-,-
VALPO-WDM-CM03-ENT2,Shelf0(subrack)-1,K1TTA,5(RX5/TX5 PA OLT VALPARAISO),"	-60.0",/,/,/,/,/,"	-14.4","	-18.4",0.5,"	-0.5","	-18.4",0.5,-,-,"	-3.4",/,/,/,"	-7.0",0.0,-,-,-,-,-,-
VALPO-WDM-CM03-ENT2,Shelf0(subrack)-1,K1TTA,6(RX6/TX6 PA OLT VALPARAISO),"	-60.0",/,/,/,/,/,"	-14.4","	-18.4",0.5,"	-0.5","	-18.4",0.5,-,-,"	-3.5",/,/,/,"	-7.0",0.0,-,-,-,-,-,-
VALPO-WDM-CM03-ENT2,Shelf0(subrack)-1,K1TTA,7(RX7/TX7 PA OLT VALPARAISO),"	-60.0",/,/,/,/,/,"	-14.4","	-18.4",0.5,"	-0.5","	-18.4",0.5,-,-,"	-3.5",/,/,/,"	-7.0",0.0,-,-,-,-,-,-
VALPO-WDM-CM03-ENT2,Shelf0(subrack)-1,K1TTA,8(RX8/TX8 PA OLT VALPARAISO),"	-60.0",/,/,/,/,/,"	-14.4","	-18.4",0.5,"	-0.5","	-18.4",0.5,-,-,"	-3.3",/,/,/,"	-7.0",0.0,-,-,-,-,-,-
VALPO-WDM-CM03-ENT2,Shelf0(subrack)-1,K1TTA,9(RX9/TX9 PA OLT VALPARAISO),"	-60.0",/,/,/,/,/,"	-14.4","	-18.4",0.5,"	-0.5","	-18.4",0.5,-,-,"	-3.5",/,/,/,"	-7.0",0.0,-,-,-,-,-,-
VALPO-WDM-CM03-ENT2,Shelf0(subrack)-1,K1TTA,10(RX10/TX10 PA OLT VALPARAISO),"	-60.0",/,/,/,/,/,"	-14.4","	-18.4",0.5,"	-0.5","	-18.4",0.5,-,-,"	-3.5",/,/,/,"	-7.0",0.0,-,-,-,-,-,-
VALPO-WDM-CM03-ENT2,Shelf0(subrack)-2,K1TTA,1(RX1/TX1 PB1 OLT VALPARAISO-2 P 0/17/0),"	-6.1",/,/,/,/,/,"	-14.4","	-18.4",0.5,"	-0.5","	-18.4",0.5,-,-,"	-3.4",/,/,/,"	-7.0",0.0,-,-,-,-,-,-
VALPO-WDM-CM03-ENT2,Shelf0(subrack)-2,K1TTA,2(RX2/TX2 PB2 OLT VALPARAISO-2 P 0/17/1),"	-5.4",/,/,/,/,/,"	-14.4","	-18.4",0.5,"	-0.5","	-18.4",0.5,-,-,"	-3.5",/,/,/,"	-7.0",0.0,-,-,-,-,-,-
VALPO-WDM-CM03-ENT2,Shelf0(subrack)-2,K1TTA,3(RX3/TX3 PB OLT VALPARAISO),"	-6.0",/,/,/,/,/,"	-14.4","	-18.4",0.5,"	-0.5","	-18.4",0.5,-,-,"	-3.5",/,/,/,"	-7.0",0.0,-,-,-,-,-,-
VALPO-WDM-CM03-ENT2,Shelf0(subrack)-2,K1TTA,4(RX4/TX4 PB OLT VALPARAISO),"	-6.2",/,/,/,/,/,"	-14.4","	-18.4",0.5,"	-0.5","	-18.4",0.5,-,-,"	-3.6",/,/,/,"	-7.0",0.0,-,-,-,-,-,-
VALPO-WDM-CM03-ENT2,Shelf0(subrack)-2,K1TTA,5(RX5/TX5 PB OLT VALPARAISO),"	-60.0",/,/,/,/,/,"	-14.4","	-18.4",0.5,"	-0.5","	-18.4",0.5,-,-,"	-3.8",/,/,/,"	-7.0",0.0,-,-,-,-,-,-
VALPO-WDM-CM03-ENT2,Shelf0(subrack)-2,K1TTA,6(RX6/TX6 PB OLT VALPARAISO),"	-60.0",/,/,/,/,/,"	-14.4","	-18.4",0.5,"	-0.5","	-18.4",0.5,-,-,"	-3.4",/,/,/,"	-7.0",0.0,-,-,-,-,-,-
VALPO-WDM-CM03-ENT2,Shelf0(subrack)-2,K1TTA,7(RX7/TX7 PB OLT VALPARAISO),"	-60.0",/,/,/,/,/,"	-14.4","	-18.4",0.5,"	-0.5","	-18.4",0.5,-,-,"	-3.4",/,/,/,"	-7.0",0.0,-,-,-,-,-,-
VALPO-WDM-CM03-ENT2,Shelf0(subrack)-2,K1TTA,8(RX8/TX8 PB OLT VALPARAISO),"	-60.0",/,/,/,/,/,"	-14.4","	-18.4",0.5,"	-0.5","	-18.4",0.5,-,-,"	-3.6",/,/,/,"	-7.0",0.0,-,-,-,-,-,-
VALPO-WDM-CM03-ENT2,Shelf0(subrack)-2,K1TTA,9(RX9/TX9 PB OLT VALPARAISO),"	-60.0",/,/,/,/,/,"	-14.4","	-18.4",0.5,"	-0.5","	-18.4",0.5,-,-,"	-3.4",/,/,/,"	-7.0",0.0,-,-,-,-,-,-
VALPO-WDM-CM03-ENT2,Shelf0(subrack)-2,K1TTA,10(RX10/TX10 PB OLT VALPARAISO),"	-60.0",/,/,/,/,/,"	-14.4","	-18.4",0.5,"	-0.5","	-18.4",0.5,-,-,"	-3.5",/,/,/,"	-7.0",0.0,-,-,-,-,-,-
VALPO-WDM-CM03-ENT2,Shelf0(subrack)-3,K1UNS4,1(IN/OUT A RECREO ENLACE DIRECTO),"	-5.9","	-5.8",2022-07-29 09:53:32,Normal,"	-8.8","	-0.8","	-18.0",-,-,"	-2.0",-,-,-,-,0.4,/,/,/,"	-3.0",3.0,-,-,-,-,-,-
VALPO-WDM-CM03-ENT2,Shelf0(subrack)-3,K1UNS4,1(IN/OUT A RECREO ENLACE DIRECTO)-1,-,-,-,-,-,-,-,-,-,-,-,-,-,-,-,-,-,-,-,-,-,-,-,-,-,-
VALPO-WDM-CM03-ENT2,Shelf0(subrack)-4,K1UNS4,1(IN/OUT A RECREO VIA N13 NORTE),"	-6.4","	-6.0",2022-07-29 10:09:01,Normal,"	-9.0","	-1.0","	-18.0",-,-,"	-2.0",-,-,-,-,0.5,/,/,/,"	-3.0",3.0,-,-,-,-,-,-
VALPO-WDM-CM03-ENT2,Shelf0(subrack)-4,K1UNS4,1(IN/OUT A RECREO VIA N13 NORTE)-1,-,-,-,-,-,-,-,-,-,-,-,-,-,-,-,-,-,-,-,-,-,-,-,-,-,-
